<?xml version='1.0' encoding='ISO-8859-1'?>
<PropertyList>
  <runway>
    <threshold>
      <lon>-68.12294732</lon>
      <lat>-71.31652593</lat>
      <rwy>17</rwy>
      <hdg-deg>178.26</hdg-deg>
      <displ-m>0.0</displ-m>
      <stopw-m>0.0</stopw-m>
    </threshold>
    <threshold>
      <lon>-68.12192039</lon>
      <lat>-71.32732</lat>
      <rwy>35</rwy>
      <hdg-deg>358.25</hdg-deg>
      <displ-m>0.0</displ-m>
      <stopw-m>0.0</stopw-m>
    </threshold>
  </runway>
</PropertyList>
