<?xml version='1.0' encoding='ISO-8859-1'?>
<PropertyList>
  <runway>
    <threshold>
      <lon>-26.28961534</lon>
      <lat>-75.59892649</lat>
      <rwy>09</rwy>
      <hdg-deg>91.60</hdg-deg>
      <displ-m>0.0</displ-m>
      <stopw-m>0.0</stopw-m>
    </threshold>
    <threshold>
      <lon>-26.24625764</lon>
      <lat>-75.59922281</lat>
      <rwy>27</rwy>
      <hdg-deg>271.55</hdg-deg>
      <displ-m>0.0</displ-m>
      <stopw-m>0.0</stopw-m>
    </threshold>
  </runway>
</PropertyList>
