<?xml version='1.0' encoding='ISO-8859-1'?>
<PropertyList>
  <runway>
    <threshold>
      <lon>164.07179707</lon>
      <lat>-74.68135822</lat>
      <rwy>03</rwy>
      <hdg-deg>26.11</hdg-deg>
      <displ-m>0.0</displ-m>
      <stopw-m>0.0</stopw-m>
    </threshold>
    <threshold>
      <lon>164.11801893</lon>
      <lat>-74.65640065</lat>
      <rwy>21</rwy>
      <hdg-deg>206.07</hdg-deg>
      <displ-m>0.0</displ-m>
      <stopw-m>0.0</stopw-m>
    </threshold>
  </runway>
  <runway>
    <threshold>
      <lon>164.04769017</lon>
      <lat>-74.69397033</lat>
      <rwy>06</rwy>
      <hdg-deg>69.62</hdg-deg>
      <displ-m>0.0</displ-m>
      <stopw-m>0.0</stopw-m>
    </threshold>
    <threshold>
      <lon>164.09990929</lon>
      <lat>-74.68884262</lat>
      <rwy>24</rwy>
      <hdg-deg>249.57</hdg-deg>
      <displ-m>0.0</displ-m>
      <stopw-m>0.0</stopw-m>
    </threshold>
  </runway>
</PropertyList>
