<?xml version='1.0' encoding='ISO-8859-1'?>
<PropertyList>
  <runway>
    <threshold>
      <lon>46.1027359</lon>
      <lat>-67.67804347</lat>
      <rwy>10</rwy>
      <hdg-deg>108.83</hdg-deg>
      <displ-m>0.0</displ-m>
      <stopw-m>0.0</stopw-m>
    </threshold>
    <threshold>
      <lon>46.16018517</lon>
      <lat>-67.68547253</lat>
      <rwy>28</rwy>
      <hdg-deg>288.78</hdg-deg>
      <displ-m>0.0</displ-m>
      <stopw-m>0.0</stopw-m>
    </threshold>
  </runway>
</PropertyList>
