<?xml version='1.0' encoding='ISO-8859-1'?>
<PropertyList>
  <runway>
    <threshold>
      <lon>-8.22364784</lon>
      <lat>-70.64231847</lat>
      <rwy>15</rwy>
      <hdg-deg>152.16</hdg-deg>
      <displ-m>0.0</displ-m>
      <stopw-m>0.0</stopw-m>
    </threshold>
    <threshold>
      <lon>-8.21088762</lon>
      <lat>-70.65032353</lat>
      <rwy>33</rwy>
      <hdg-deg>332.15</hdg-deg>
      <displ-m>0.0</displ-m>
      <stopw-m>0.0</stopw-m>
    </threshold>
  </runway>
</PropertyList>
