<?xml version='1.0' encoding='ISO-8859-1'?>
<PropertyList>
  <runway>
    <threshold>
      <lon>11.58663118</lon>
      <lat>-70.82009075</lat>
      <rwy>10</rwy>
      <hdg-deg>107.54</hdg-deg>
      <displ-m>0.0</displ-m>
      <stopw-m>0.0</stopw-m>
    </threshold>
    <threshold>
      <lon>11.67281971</lon>
      <lat>-70.82901475</lat>
      <rwy>28</rwy>
      <hdg-deg>287.46</hdg-deg>
      <displ-m>0.0</displ-m>
      <stopw-m>0.0</stopw-m>
    </threshold>
  </runway>
</PropertyList>
