<?xml version='1.0' encoding='ISO-8859-1'?>
<PropertyList>
  <runway>
    <threshold>
      <lon>159.96636418</lon>
      <lat>-76.65775212</lat>
      <rwy>18</rwy>
      <hdg-deg>1.00</hdg-deg>
      <displ-m>0.0</displ-m>
      <stopw-m>0.0</stopw-m>
    </threshold>
    <threshold>
      <lon>159.96758709</lon>
      <lat>-76.641556</lat>
      <rwy>36</rwy>
      <hdg-deg>181.00</hdg-deg>
      <displ-m>0.0</displ-m>
      <stopw-m>0.0</stopw-m>
    </threshold>
  </runway>
</PropertyList>
