<?xml version='1.0' encoding='ISO-8859-1'?>
<PropertyList>
  <runway>
    <threshold>
      <lon>57.88552284</lon>
      <lat>-63.31774313</lat>
      <rwy>13</rwy>
      <hdg-deg>134.19</hdg-deg>
      <displ-m>0.0</displ-m>
      <stopw-m>0.0</stopw-m>
    </threshold>
    <threshold>
      <lon>57.89702022</lon>
      <lat>-63.32276127</lat>
      <rwy>31</rwy>
      <hdg-deg>314.18</hdg-deg>
      <displ-m>0.0</displ-m>
      <stopw-m>0.0</stopw-m>
    </threshold>
  </runway>
</PropertyList>
