<?xml version='1.0' encoding='ISO-8859-1'?>
<PropertyList>
  <runway>
    <threshold>
      <lon>142.82112576</lon>
      <lat>-4.21334046</lat>
      <rwy>14</rwy>
      <hdg-deg>140.00</hdg-deg>
      <displ-m>0.0</displ-m>
      <stopw-m>0.0</stopw-m>
    </threshold>
    <threshold>
      <lon>142.82551024</lon>
      <lat>-4.21855154</lat>
      <rwy>32</rwy>
      <hdg-deg>320.00</hdg-deg>
      <displ-m>0.0</displ-m>
      <stopw-m>0.0</stopw-m>
    </threshold>
  </runway>
</PropertyList>
