<?xml version='1.0' encoding='ISO-8859-1'?>
<PropertyList>
  <runway>
    <threshold>
      <lon>150.656399</lon>
      <lat>-34.64115304</lat>
      <rwy>03</rwy>
      <hdg-deg>39.66</hdg-deg>
      <displ-m>0.0</displ-m>
      <stopw-m>0.0</stopw-m>
    </threshold>
    <threshold>
      <lon>150.65795636</lon>
      <lat>-34.63960753</lat>
      <rwy>21</rwy>
      <hdg-deg>219.66</hdg-deg>
      <displ-m>0.0</displ-m>
      <stopw-m>0.0</stopw-m>
    </threshold>
  </runway>
</PropertyList>
