<?xml version='1.0' encoding='ISO-8859-1'?>
<PropertyList>
  <runway>
    <threshold>
      <lon>153.10628575</lon>
      <lat>-27.7076194</lat>
      <rwy>06</rwy>
      <hdg-deg>63.65</hdg-deg>
      <displ-m>0.0</displ-m>
      <stopw-m>0.0</stopw-m>
    </threshold>
    <threshold>
      <lon>153.113177</lon>
      <lat>-27.704597</lat>
      <rwy>24</rwy>
      <hdg-deg>243.65</hdg-deg>
      <displ-m>0.0</displ-m>
      <stopw-m>0.0</stopw-m>
    </threshold>
  </runway>
  <runway>
    <threshold>
      <lon>153.10285996</lon>
      <lat>-27.70451687</lat>
      <rwy>08</rwy>
      <hdg-deg>81.39</hdg-deg>
      <displ-m>0.0</displ-m>
      <stopw-m>0.0</stopw-m>
    </threshold>
    <threshold>
      <lon>153.11285956</lon>
      <lat>-27.70317533</lat>
      <rwy>26</rwy>
      <hdg-deg>261.38</hdg-deg>
      <displ-m>0.0</displ-m>
      <stopw-m>0.0</stopw-m>
    </threshold>
  </runway>
</PropertyList>
