<?xml version='1.0' encoding='ISO-8859-1'?>
<PropertyList>
  <runway>
    <threshold>
      <lon>137.01743483</lon>
      <lat>-20.03937932</lat>
      <rwy>16</rwy>
      <hdg-deg>160.74</hdg-deg>
      <displ-m>0.0</displ-m>
      <stopw-m>0.0</stopw-m>
    </threshold>
    <threshold>
      <lon>137.02070517</lon>
      <lat>-20.04817197</lat>
      <rwy>34</rwy>
      <hdg-deg>340.74</hdg-deg>
      <displ-m>0.0</displ-m>
      <stopw-m>0.0</stopw-m>
    </threshold>
  </runway>
</PropertyList>
