<?xml version='1.0' encoding='ISO-8859-1'?>
<PropertyList>
  <runway>
    <threshold>
      <lon>141.92170569</lon>
      <lat>-25.84228739</lat>
      <rwy>10</rwy>
      <hdg-deg>102.61</hdg-deg>
      <displ-m>0.0</displ-m>
      <stopw-m>0.0</stopw-m>
    </threshold>
    <threshold>
      <lon>141.92600589</lon>
      <lat>-25.84315318</lat>
      <rwy>28</rwy>
      <hdg-deg>282.61</hdg-deg>
      <displ-m>0.0</displ-m>
      <stopw-m>0.0</stopw-m>
    </threshold>
  </runway>
  <runway>
    <threshold>
      <lon>141.92600781</lon>
      <lat>-25.84334311</lat>
      <rwy>15</rwy>
      <hdg-deg>156.08</hdg-deg>
      <displ-m>0.0</displ-m>
      <stopw-m>0.0</stopw-m>
    </threshold>
    <threshold>
      <lon>141.930623</lon>
      <lat>-25.852708</lat>
      <rwy>33</rwy>
      <hdg-deg>336.08</hdg-deg>
      <displ-m>0.0</displ-m>
      <stopw-m>0.0</stopw-m>
    </threshold>
  </runway>
</PropertyList>
