<?xml version='1.0' encoding='ISO-8859-1'?>
<PropertyList>
  <runway>
    <threshold>
      <lon>145.39192991</lon>
      <lat>-6.09025297</lat>
      <rwy>17</rwy>
      <hdg-deg>355.80</hdg-deg>
      <displ-m>0.0</displ-m>
      <stopw-m>0.0</stopw-m>
    </threshold>
    <threshold>
      <lon>145.39082857</lon>
      <lat>-6.07534004</lat>
      <rwy>35</rwy>
      <hdg-deg>175.80</hdg-deg>
      <displ-m>0.0</displ-m>
      <stopw-m>0.0</stopw-m>
    </threshold>
  </runway>
</PropertyList>
