<?xml version='1.0' encoding='ISO-8859-1'?>
<PropertyList>
  <runway>
    <threshold>
      <lon>150.34133372</lon>
      <lat>-10.31302166</lat>
      <rwy>09</rwy>
      <hdg-deg>281.30</hdg-deg>
      <displ-m>0.0</displ-m>
      <stopw-m>0.0</stopw-m>
    </threshold>
    <threshold>
      <lon>150.32617745</lon>
      <lat>-10.31004205</lat>
      <rwy>27</rwy>
      <hdg-deg>101.30</hdg-deg>
      <displ-m>0.0</displ-m>
      <stopw-m>0.0</stopw-m>
    </threshold>
  </runway>
</PropertyList>
