<?xml version='1.0' encoding='ISO-8859-1'?>
<PropertyList>
  <runway>
    <threshold>
      <lon>148.30431662</lon>
      <lat>-8.81045206</lat>
      <rwy>03</rwy>
      <hdg-deg>37.80</hdg-deg>
      <displ-m>0.0</displ-m>
      <stopw-m>0.0</stopw-m>
    </threshold>
    <threshold>
      <lon>148.31362001</lon>
      <lat>-8.79859954</lat>
      <rwy>21</rwy>
      <hdg-deg>217.80</hdg-deg>
      <displ-m>0.0</displ-m>
      <stopw-m>0.0</stopw-m>
    </threshold>
  </runway>
</PropertyList>
