<?xml version='1.0' encoding='ISO-8859-1'?>
<PropertyList>
  <runway>
    <threshold>
      <lon>160.68115226</lon>
      <lat>-8.70686816</lat>
      <rwy>01</rwy>
      <hdg-deg>7.90</hdg-deg>
      <displ-m>0.0</displ-m>
      <stopw-m>0.0</stopw-m>
    </threshold>
    <threshold>
      <lon>160.68233683</lon>
      <lat>-8.69842967</lat>
      <rwy>19</rwy>
      <hdg-deg>187.90</hdg-deg>
      <displ-m>0.0</displ-m>
      <stopw-m>0.0</stopw-m>
    </threshold>
  </runway>
</PropertyList>
