<?xml version='1.0' encoding='ISO-8859-1'?>
<PropertyList>
  <runway>
    <threshold>
      <lon>159.79538534</lon>
      <lat>-11.30088793</lat>
      <rwy>11</rwy>
      <hdg-deg>113.30</hdg-deg>
      <displ-m>0.0</displ-m>
      <stopw-m>0.0</stopw-m>
    </threshold>
    <threshold>
      <lon>159.80094733</lon>
      <lat>-11.30323685</lat>
      <rwy>29</rwy>
      <hdg-deg>293.30</hdg-deg>
      <displ-m>0.0</displ-m>
      <stopw-m>0.0</stopw-m>
    </threshold>
  </runway>
</PropertyList>
