<?xml version='1.0' encoding='ISO-8859-1'?>
<PropertyList>
  <runway>
    <threshold>
      <lon>156.39402127</lon>
      <lat>-6.70870318</lat>
      <rwy>14</rwy>
      <hdg-deg>146.00</hdg-deg>
      <displ-m>0.0</displ-m>
      <stopw-m>0.0</stopw-m>
    </threshold>
    <threshold>
      <lon>156.39835815</lon>
      <lat>-6.71508881</lat>
      <rwy>32</rwy>
      <hdg-deg>326.00</hdg-deg>
      <displ-m>0.0</displ-m>
      <stopw-m>0.0</stopw-m>
    </threshold>
  </runway>
</PropertyList>
