<?xml version='1.0' encoding='ISO-8859-1'?>
<PropertyList>
  <runway>
    <threshold>
      <lon>159.83947291</lon>
      <lat>-9.74413212</lat>
      <rwy>17</rwy>
      <hdg-deg>177.30</hdg-deg>
      <displ-m>0.0</displ-m>
      <stopw-m>0.0</stopw-m>
    </threshold>
    <threshold>
      <lon>159.8398024</lon>
      <lat>-9.75101794</lat>
      <rwy>35</rwy>
      <hdg-deg>357.30</hdg-deg>
      <displ-m>0.0</displ-m>
      <stopw-m>0.0</stopw-m>
    </threshold>
  </runway>
</PropertyList>
