<?xml version='1.0' encoding='ISO-8859-1'?>
<PropertyList>
  <runway>
    <threshold>
      <lon>160.04522696</lon>
      <lat>-9.43198658</lat>
      <rwy>06</rwy>
      <hdg-deg>67.90</hdg-deg>
      <displ-m>0.0</displ-m>
      <stopw-m>56.0</stopw-m>
    </threshold>
    <threshold>
      <lon>160.06384194</lon>
      <lat>-9.42452992</lat>
      <rwy>24</rwy>
      <hdg-deg>247.90</hdg-deg>
      <displ-m>0.0</displ-m>
      <stopw-m>52.0</stopw-m>
    </threshold>
  </runway>
</PropertyList>
