<?xml version='1.0' encoding='ISO-8859-1'?>
<PropertyList>
  <runway>
    <threshold>
      <lon>161.89331971</lon>
      <lat>-10.44743727</lat>
      <rwy>11</rwy>
      <hdg-deg>112.33</hdg-deg>
      <displ-m>0.0</displ-m>
      <stopw-m>0.0</stopw-m>
    </threshold>
    <threshold>
      <lon>161.90419644</lon>
      <lat>-10.45183104</lat>
      <rwy>29</rwy>
      <hdg-deg>292.33</hdg-deg>
      <displ-m>0.0</displ-m>
      <stopw-m>0.0</stopw-m>
    </threshold>
  </runway>
</PropertyList>
