<?xml version='1.0' encoding='ISO-8859-1'?>
<PropertyList>
  <runway>
    <threshold>
      <lon>157.25684101</lon>
      <lat>-8.32812142</lat>
      <rwy>07</rwy>
      <hdg-deg>79.18</hdg-deg>
      <displ-m>0.0</displ-m>
      <stopw-m>0.0</stopw-m>
    </threshold>
    <threshold>
      <lon>157.26916782</lon>
      <lat>-8.32578968</lat>
      <rwy>25</rwy>
      <hdg-deg>259.18</hdg-deg>
      <displ-m>0.0</displ-m>
      <stopw-m>0.0</stopw-m>
    </threshold>
  </runway>
</PropertyList>
