<?xml version='1.0' encoding='ISO-8859-1'?>
<PropertyList>
  <runway>
    <threshold>
      <lon>156.86161931</lon>
      <lat>-8.09421537</lat>
      <rwy>15</rwy>
      <hdg-deg>148.70</hdg-deg>
      <displ-m>0.0</displ-m>
      <stopw-m>0.0</stopw-m>
    </threshold>
    <threshold>
      <lon>156.86687843</lon>
      <lat>-8.10277883</lat>
      <rwy>33</rwy>
      <hdg-deg>328.70</hdg-deg>
      <displ-m>0.0</displ-m>
      <stopw-m>0.0</stopw-m>
    </threshold>
  </runway>
</PropertyList>
