<?xml version='1.0' encoding='ISO-8859-1'?>
<PropertyList>
  <runway>
    <threshold>
      <lon>155.55679015</lon>
      <lat>-7.42585022</lat>
      <rwy>04</rwy>
      <hdg-deg>42.70</hdg-deg>
      <displ-m>0.0</displ-m>
      <stopw-m>0.0</stopw-m>
    </threshold>
    <threshold>
      <lon>155.56670586</lon>
      <lat>-7.41519269</lat>
      <rwy>22</rwy>
      <hdg-deg>222.69</hdg-deg>
      <displ-m>0.0</displ-m>
      <stopw-m>0.0</stopw-m>
    </threshold>
  </runway>
</PropertyList>
