<?xml version='1.0' encoding='ISO-8859-1'?>
<PropertyList>
  <runway>
    <threshold>
      <lon>162.45068464</lon>
      <lat>-10.84623122</lat>
      <rwy>12</rwy>
      <hdg-deg>120.50</hdg-deg>
      <displ-m>0.0</displ-m>
      <stopw-m>0.0</stopw-m>
    </threshold>
    <threshold>
      <lon>162.45785041</lon>
      <lat>-10.85037674</lat>
      <rwy>30</rwy>
      <hdg-deg>300.50</hdg-deg>
      <displ-m>0.0</displ-m>
      <stopw-m>0.0</stopw-m>
    </threshold>
  </runway>
</PropertyList>
