<?xml version='1.0' encoding='ISO-8859-1'?>
<PropertyList>
  <runway>
    <threshold>
      <lon>160.82340338</lon>
      <lat>-9.86358784</lat>
      <rwy>05</rwy>
      <hdg-deg>51.10</hdg-deg>
      <displ-m>0.0</displ-m>
      <stopw-m>0.0</stopw-m>
    </threshold>
    <threshold>
      <lon>160.8277217</lon>
      <lat>-9.86015488</lat>
      <rwy>23</rwy>
      <hdg-deg>231.10</hdg-deg>
      <displ-m>0.0</displ-m>
      <stopw-m>0.0</stopw-m>
    </threshold>
  </runway>
</PropertyList>
