<?xml version='1.0' encoding='ISO-8859-1'?>
<PropertyList>
  <runway>
    <threshold>
      <lon>159.21333132</lon>
      <lat>-9.08887209</lat>
      <rwy>12</rwy>
      <hdg-deg>128.00</hdg-deg>
      <displ-m>0.0</displ-m>
      <stopw-m>0.0</stopw-m>
    </threshold>
    <threshold>
      <lon>159.22526044</lon>
      <lat>-9.09807501</lat>
      <rwy>30</rwy>
      <hdg-deg>308.00</hdg-deg>
      <displ-m>0.0</displ-m>
      <stopw-m>0.0</stopw-m>
    </threshold>
  </runway>
</PropertyList>
