<?xml version='1.0' encoding='ISO-8859-1'?>
<PropertyList>
  <runway>
    <threshold>
      <lon>154.66757115</lon>
      <lat>-5.4270413</lat>
      <rwy>04</rwy>
      <hdg-deg>47.60</hdg-deg>
      <displ-m>0.0</displ-m>
      <stopw-m>0.0</stopw-m>
    </threshold>
    <threshold>
      <lon>154.67801412</lon>
      <lat>-5.41754822</lat>
      <rwy>22</rwy>
      <hdg-deg>227.60</hdg-deg>
      <displ-m>0.0</displ-m>
      <stopw-m>0.0</stopw-m>
    </threshold>
  </runway>
</PropertyList>
