<?xml version='1.0' encoding='ISO-8859-1'?>
<PropertyList>
  <runway>
    <threshold>
      <lon>142.93877917</lon>
      <lat>-8.05085793</lat>
      <rwy>10</rwy>
      <hdg-deg>100.00</hdg-deg>
      <displ-m>0.0</displ-m>
      <stopw-m>0.0</stopw-m>
    </threshold>
    <threshold>
      <lon>142.95122086</lon>
      <lat>-8.05303007</lat>
      <rwy>28</rwy>
      <hdg-deg>280.00</hdg-deg>
      <displ-m>0.0</displ-m>
      <stopw-m>0.0</stopw-m>
    </threshold>
  </runway>
</PropertyList>
