<?xml version='1.0' encoding='ISO-8859-1'?>
<PropertyList>
  <runway>
    <threshold>
      <lon>-120.17353159</lon>
      <lat>53.31152346</lat>
      <rwy>11</rwy>
      <hdg-deg>133.00</hdg-deg>
      <displ-m>0.0</displ-m>
      <stopw-m>0.0</stopw-m>
    </threshold>
    <threshold>
      <lon>-120.16446641</lon>
      <lat>53.30647254</lat>
      <rwy>29</rwy>
      <hdg-deg>313.00</hdg-deg>
      <displ-m>0.0</displ-m>
      <stopw-m>0.0</stopw-m>
    </threshold>
  </runway>
</PropertyList>
