<?xml version='1.0' encoding='ISO-8859-1'?>
<PropertyList>
  <runway>
    <threshold>
      <lon>-87.6384141</lon>
      <lat>33.17724558</lat>
      <rwy>11</rwy>
      <hdg-deg>111.00</hdg-deg>
      <displ-m>0.0</displ-m>
      <stopw-m>0.0</stopw-m>
    </threshold>
    <threshold>
      <lon>-87.6338248</lon>
      <lat>33.17577108</lat>
      <rwy>29</rwy>
      <hdg-deg>291.00</hdg-deg>
      <displ-m>0.0</displ-m>
      <stopw-m>0.0</stopw-m>
    </threshold>
  </runway>
  <runway>
    <threshold>
      <lon>-87.63650395</lon>
      <lat>33.17854024</lat>
      <rwy>17</rwy>
      <hdg-deg>171.00</hdg-deg>
      <displ-m>0.0</displ-m>
      <stopw-m>0.0</stopw-m>
    </threshold>
    <threshold>
      <lon>-87.63573495</lon>
      <lat>33.17447642</lat>
      <rwy>35</rwy>
      <hdg-deg>351.00</hdg-deg>
      <displ-m>0.0</displ-m>
      <stopw-m>0.0</stopw-m>
    </threshold>
  </runway>
</PropertyList>
