<?xml version='1.0' encoding='ISO-8859-1'?>
<PropertyList>
  <runway>
    <threshold>
      <lon>-87.58754963</lon>
      <lat>31.02271208</lat>
      <rwy>03</rwy>
      <hdg-deg>31.00</hdg-deg>
      <displ-m>0.0</displ-m>
      <stopw-m>0.0</stopw-m>
    </threshold>
    <threshold>
      <lon>-87.58408761</lon>
      <lat>31.02764958</lat>
      <rwy>21</rwy>
      <hdg-deg>211.00</hdg-deg>
      <displ-m>0.0</displ-m>
      <stopw-m>0.0</stopw-m>
    </threshold>
  </runway>
</PropertyList>
