<?xml version='1.0' encoding='ISO-8859-1'?>
<PropertyList>
  <runway>
    <threshold>
      <lon>-148.68815428</lon>
      <lat>70.40095456</lat>
      <rwy>04</rwy>
      <hdg-deg>69.99</hdg-deg>
      <displ-m>0.0</displ-m>
      <stopw-m>0.0</stopw-m>
    </threshold>
    <threshold>
      <lon>-148.67632018</lon>
      <lat>70.40239932</lat>
      <rwy>22</rwy>
      <hdg-deg>250.01</hdg-deg>
      <displ-m>0.0</displ-m>
      <stopw-m>0.0</stopw-m>
    </threshold>
  </runway>
</PropertyList>
