<?xml version='1.0' encoding='ISO-8859-1'?>
<PropertyList>
  <runway>
    <threshold>
      <lon>-146.05385495</lon>
      <lat>65.05225465</lat>
      <rwy>07</rwy>
      <hdg-deg>98.99</hdg-deg>
      <displ-m>0.0</displ-m>
      <stopw-m>0.0</stopw-m>
    </threshold>
    <threshold>
      <lon>-146.04100895</lon>
      <lat>65.05139645</lat>
      <rwy>25</rwy>
      <hdg-deg>279.01</hdg-deg>
      <displ-m>0.0</displ-m>
      <stopw-m>0.0</stopw-m>
    </threshold>
  </runway>
</PropertyList>
