<?xml version='1.0' encoding='ISO-8859-1'?>
<PropertyList>
  <runway>
    <threshold>
      <lon>-151.22554707</lon>
      <lat>59.76177726</lat>
      <rwy>01</rwy>
      <hdg-deg>33.00</hdg-deg>
      <displ-m>0.0</displ-m>
      <stopw-m>0.0</stopw-m>
    </threshold>
    <threshold>
      <lon>-151.22093683</lon>
      <lat>59.76535218</lat>
      <rwy>19</rwy>
      <hdg-deg>213.00</hdg-deg>
      <displ-m>0.0</displ-m>
      <stopw-m>0.0</stopw-m>
    </threshold>
  </runway>
</PropertyList>
