<?xml version='1.0' encoding='ISO-8859-1'?>
<PropertyList>
  <runway>
    <threshold>
      <lon>-153.08267278</lon>
      <lat>59.82973798</lat>
      <rwy>12</rwy>
      <hdg-deg>142.00</hdg-deg>
      <displ-m>0.0</displ-m>
      <stopw-m>0.0</stopw-m>
    </threshold>
    <threshold>
      <lon>-153.07897668</lon>
      <lat>59.82736034</lat>
      <rwy>30</rwy>
      <hdg-deg>322.00</hdg-deg>
      <displ-m>0.0</displ-m>
      <stopw-m>0.0</stopw-m>
    </threshold>
  </runway>
</PropertyList>
