<?xml version='1.0' encoding='ISO-8859-1'?>
<PropertyList>
  <runway>
    <threshold>
      <lon>-92.44849662</lon>
      <lat>34.98222328</lat>
      <rwy>09</rwy>
      <hdg-deg>94.00</hdg-deg>
      <displ-m>0.0</displ-m>
      <stopw-m>0.0</stopw-m>
    </threshold>
    <threshold>
      <lon>-92.44181728</lon>
      <lat>34.9818406</lat>
      <rwy>27</rwy>
      <hdg-deg>274.00</hdg-deg>
      <displ-m>0.0</displ-m>
      <stopw-m>0.0</stopw-m>
    </threshold>
  </runway>
</PropertyList>
