<?xml version='1.0' encoding='ISO-8859-1'?>
<PropertyList>
  <runway>
    <threshold>
      <lon>-94.1066367</lon>
      <lat>36.08923125</lat>
      <rwy>15</rwy>
      <hdg-deg>155.00</hdg-deg>
      <displ-m>0.0</displ-m>
      <stopw-m>0.0</stopw-m>
    </threshold>
    <threshold>
      <lon>-94.10376776</lon>
      <lat>36.08425929</lat>
      <rwy>33</rwy>
      <hdg-deg>335.00</hdg-deg>
      <displ-m>0.0</displ-m>
      <stopw-m>0.0</stopw-m>
    </threshold>
  </runway>
  <runway>
    <threshold>
      <lon>-94.10496557</lon>
      <lat>36.0889313</lat>
      <rwy>18</rwy>
      <hdg-deg>185.00</hdg-deg>
      <displ-m>0.0</displ-m>
      <stopw-m>0.0</stopw-m>
    </threshold>
    <threshold>
      <lon>-94.10543889</lon>
      <lat>36.08455924</lat>
      <rwy>36</rwy>
      <hdg-deg>5.00</hdg-deg>
      <displ-m>0.0</displ-m>
      <stopw-m>0.0</stopw-m>
    </threshold>
  </runway>
</PropertyList>
