<?xml version='1.0' encoding='ISO-8859-1'?>
<PropertyList>
  <runway>
    <threshold>
      <lon>113.49120223</lon>
      <lat>-24.39973751</lat>
      <rwy>16</rwy>
      <hdg-deg>169.20</hdg-deg>
      <displ-m>0.0</displ-m>
      <stopw-m>0.0</stopw-m>
    </threshold>
    <threshold>
      <lon>113.49336979</lon>
      <lat>-24.41008495</lat>
      <rwy>34</rwy>
      <hdg-deg>349.20</hdg-deg>
      <displ-m>0.0</displ-m>
      <stopw-m>0.0</stopw-m>
    </threshold>
  </runway>
</PropertyList>
