<?xml version='1.0' encoding='ISO-8859-1'?>
<PropertyList>
  <runway>
    <threshold>
      <lon>127.61118417</lon>
      <lat>-31.90663236</lat>
      <rwy>08</rwy>
      <hdg-deg>82.60</hdg-deg>
      <displ-m>0.0</displ-m>
      <stopw-m>0.0</stopw-m>
    </threshold>
    <threshold>
      <lon>127.62769736</lon>
      <lat>-31.90481094</lat>
      <rwy>26</rwy>
      <hdg-deg>262.59</hdg-deg>
      <displ-m>0.0</displ-m>
      <stopw-m>0.0</stopw-m>
    </threshold>
  </runway>
</PropertyList>
