<?xml version='1.0' encoding='ISO-8859-1'?>
<PropertyList>
  <runway>
    <threshold>
      <lon>145.07988377</lon>
      <lat>-21.78689283</lat>
      <rwy>02</rwy>
      <hdg-deg>28.30</hdg-deg>
      <displ-m>0.0</displ-m>
      <stopw-m>0.0</stopw-m>
    </threshold>
    <threshold>
      <lon>145.08684613</lon>
      <lat>-21.77488543</lat>
      <rwy>20</rwy>
      <hdg-deg>208.30</hdg-deg>
      <displ-m>0.0</displ-m>
      <stopw-m>0.0</stopw-m>
    </threshold>
  </runway>
  <runway>
    <threshold>
      <lon>145.08106075</lon>
      <lat>-21.77812443</lat>
      <rwy>12</rwy>
      <hdg-deg>130.18</hdg-deg>
      <displ-m>0.0</displ-m>
      <stopw-m>0.0</stopw-m>
    </threshold>
    <threshold>
      <lon>145.08789188</lon>
      <lat>-21.78348127</lat>
      <rwy>30</rwy>
      <hdg-deg>310.18</hdg-deg>
      <displ-m>0.0</displ-m>
      <stopw-m>0.0</stopw-m>
    </threshold>
  </runway>
</PropertyList>
