<?xml version='1.0' encoding='ISO-8859-1'?>
<PropertyList>
  <runway>
    <threshold>
      <lon>140.67929244</lon>
      <lat>-20.15924323</lat>
      <rwy>17</rwy>
      <hdg-deg>166.56</hdg-deg>
      <displ-m>0.0</displ-m>
      <stopw-m>0.0</stopw-m>
    </threshold>
    <threshold>
      <lon>140.6819919</lon>
      <lat>-20.16984704</lat>
      <rwy>35</rwy>
      <hdg-deg>346.56</hdg-deg>
      <displ-m>0.0</displ-m>
      <stopw-m>0.0</stopw-m>
    </threshold>
  </runway>
</PropertyList>
