<?xml version='1.0' encoding='ISO-8859-1'?>
<PropertyList>
  <runway>
    <threshold>
      <lon>-121.30820702</lon>
      <lat>51.63934378</lat>
      <rwy>08</rwy>
      <hdg-deg>102.00</hdg-deg>
      <displ-m>0.0</displ-m>
      <stopw-m>0.0</stopw-m>
    </threshold>
    <threshold>
      <lon>-121.29999298</lon>
      <lat>51.63826022</lat>
      <rwy>26</rwy>
      <hdg-deg>282.00</hdg-deg>
      <displ-m>0.0</displ-m>
      <stopw-m>0.0</stopw-m>
    </threshold>
  </runway>
</PropertyList>
