<?xml version='1.0' encoding='ISO-8859-1'?>
<PropertyList>
  <runway>
    <threshold>
      <lon>-146.85059566</lon>
      <lat>64.54435598</lat>
      <rwy>10</rwy>
      <hdg-deg>98.79</hdg-deg>
      <displ-m>0.0</displ-m>
      <stopw-m>0.0</stopw-m>
    </threshold>
    <threshold>
      <lon>-146.83954449</lon>
      <lat>64.54362102</lat>
      <rwy>28</rwy>
      <hdg-deg>278.80</hdg-deg>
      <displ-m>0.0</displ-m>
      <stopw-m>0.0</stopw-m>
    </threshold>
  </runway>
</PropertyList>
