<?xml version='1.0' encoding='ISO-8859-1'?>
<PropertyList>
  <runway>
    <threshold>
      <lon>-150.11598659</lon>
      <lat>62.32066815</lat>
      <rwy>16</rwy>
      <hdg-deg>183.91</hdg-deg>
      <displ-m>0.0</displ-m>
      <stopw-m>0.0</stopw-m>
    </threshold>
    <threshold>
      <lon>-150.11660966</lon>
      <lat>62.31642907</lat>
      <rwy>34</rwy>
      <hdg-deg>3.91</hdg-deg>
      <displ-m>0.0</displ-m>
      <stopw-m>0.0</stopw-m>
    </threshold>
  </runway>
</PropertyList>
