<?xml version='1.0' encoding='ISO-8859-1'?>
<PropertyList>
  <runway>
    <threshold>
      <lon>-153.36547341</lon>
      <lat>62.29311491</lat>
      <rwy>06</rwy>
      <hdg-deg>84.00</hdg-deg>
      <displ-m>0.0</displ-m>
      <stopw-m>0.0</stopw-m>
    </threshold>
    <threshold>
      <lon>-153.35843271</lon>
      <lat>62.29345897</lat>
      <rwy>24</rwy>
      <hdg-deg>264.00</hdg-deg>
      <displ-m>0.0</displ-m>
      <stopw-m>0.0</stopw-m>
    </threshold>
  </runway>
</PropertyList>
