<?xml version='1.0' encoding='ISO-8859-1'?>
<PropertyList>
  <runway>
    <threshold>
      <lon>-164.79905095</lon>
      <lat>65.68119272</lat>
      <rwy>16</rwy>
      <hdg-deg>177.00</hdg-deg>
      <displ-m>0.0</displ-m>
      <stopw-m>0.0</stopw-m>
    </threshold>
    <threshold>
      <lon>-164.79856295</lon>
      <lat>65.67735782</lat>
      <rwy>34</rwy>
      <hdg-deg>357.00</hdg-deg>
      <displ-m>0.0</displ-m>
      <stopw-m>0.0</stopw-m>
    </threshold>
  </runway>
</PropertyList>
