<?xml version='1.0' encoding='ISO-8859-1'?>
<PropertyList>
  <runway>
    <threshold>
      <lon>158.11902587</lon>
      <lat>-8.56516674</lat>
      <rwy>01</rwy>
      <hdg-deg>4.30</hdg-deg>
      <displ-m>0.0</displ-m>
      <stopw-m>0.0</stopw-m>
    </threshold>
    <threshold>
      <lon>158.11947681</lon>
      <lat>-8.55923623</lat>
      <rwy>19</rwy>
      <hdg-deg>184.30</hdg-deg>
      <displ-m>0.0</displ-m>
      <stopw-m>0.0</stopw-m>
    </threshold>
  </runway>
</PropertyList>
