<?xml version='1.0' encoding='ISO-8859-1'?>
<PropertyList>
  <runway>
    <threshold>
      <lon>149.15126942</lon>
      <lat>-9.33744395</lat>
      <rwy>08</rwy>
      <hdg-deg>89.40</hdg-deg>
      <displ-m>0.0</displ-m>
      <stopw-m>0.0</stopw-m>
    </threshold>
    <threshold>
      <lon>149.15965208</lon>
      <lat>-9.33735733</lat>
      <rwy>26</rwy>
      <hdg-deg>269.40</hdg-deg>
      <displ-m>0.0</displ-m>
      <stopw-m>0.0</stopw-m>
    </threshold>
  </runway>
</PropertyList>
