<?xml version='1.0' encoding='ISO-8859-1'?>
<PropertyList>
  <runway>
    <threshold>
      <lon>143.52026716</lon>
      <lat>-4.59428342</lat>
      <rwy>14</rwy>
      <hdg-deg>135.00</hdg-deg>
      <displ-m>0.0</displ-m>
      <stopw-m>0.0</stopw-m>
    </threshold>
    <threshold>
      <lon>143.52415884</lon>
      <lat>-4.59816258</lat>
      <rwy>32</rwy>
      <hdg-deg>315.00</hdg-deg>
      <displ-m>0.0</displ-m>
      <stopw-m>0.0</stopw-m>
    </threshold>
  </runway>
</PropertyList>
