<?xml version='1.0' encoding='ISO-8859-1'?>
<PropertyList>
  <runway>
    <threshold>
      <lon>-124.13584789</lon>
      <lat>51.6263682</lat>
      <rwy>18</rwy>
      <hdg-deg>202.00</hdg-deg>
      <displ-m>0.0</displ-m>
      <stopw-m>0.0</stopw-m>
    </threshold>
    <threshold>
      <lon>-124.14114411</lon>
      <lat>51.6182298</lat>
      <rwy>36</rwy>
      <hdg-deg>22.00</hdg-deg>
      <displ-m>0.0</displ-m>
      <stopw-m>0.0</stopw-m>
    </threshold>
  </runway>
</PropertyList>
