<?xml version='1.0' encoding='ISO-8859-1'?>
<PropertyList>
  <runway>
    <threshold>
      <lon>-149.76152275</lon>
      <lat>65.35636305</lat>
      <rwy>16</rwy>
      <hdg-deg>187.00</hdg-deg>
      <displ-m>0.0</displ-m>
      <stopw-m>0.0</stopw-m>
    </threshold>
    <threshold>
      <lon>-149.76292559</lon>
      <lat>65.35159861</lat>
      <rwy>34</rwy>
      <hdg-deg>7.00</hdg-deg>
      <displ-m>0.0</displ-m>
      <stopw-m>0.0</stopw-m>
    </threshold>
  </runway>
</PropertyList>
