<?xml version='1.0' encoding='ISO-8859-1'?>
<PropertyList>
  <runway>
    <threshold>
      <lon>-149.44360087</lon>
      <lat>61.41732568</lat>
      <rwy>03</rwy>
      <hdg-deg>55.00</hdg-deg>
      <displ-m>0.0</displ-m>
      <stopw-m>0.0</stopw-m>
    </threshold>
    <threshold>
      <lon>-149.43749525</lon>
      <lat>61.41937098</lat>
      <rwy>21</rwy>
      <hdg-deg>235.00</hdg-deg>
      <displ-m>0.0</displ-m>
      <stopw-m>0.0</stopw-m>
    </threshold>
  </runway>
</PropertyList>
