<?xml version='1.0' encoding='ISO-8859-1'?>
<PropertyList>
  <runway>
    <threshold>
      <lon>-164.44405155</lon>
      <lat>64.55924878</lat>
      <rwy>01</rwy>
      <hdg-deg>28.00</hdg-deg>
      <displ-m>0.0</displ-m>
      <stopw-m>0.0</stopw-m>
    </threshold>
    <threshold>
      <lon>-164.44060401</lon>
      <lat>64.56203398</lat>
      <rwy>19</rwy>
      <hdg-deg>208.00</hdg-deg>
      <displ-m>0.0</displ-m>
      <stopw-m>0.0</stopw-m>
    </threshold>
  </runway>
</PropertyList>
