<?xml version='1.0' encoding='ISO-8859-1'?>
<PropertyList>
  <runway>
    <threshold>
      <lon>-147.91167888</lon>
      <lat>64.8197712</lat>
      <rwy>18</rwy>
      <hdg-deg>207.01</hdg-deg>
      <displ-m>0.0</displ-m>
      <stopw-m>0.0</stopw-m>
    </threshold>
    <threshold>
      <lon>-147.92543224</lon>
      <lat>64.80828434</lat>
      <rwy>36</rwy>
      <hdg-deg>26.99</hdg-deg>
      <displ-m>0.0</displ-m>
      <stopw-m>0.0</stopw-m>
    </threshold>
  </runway>
</PropertyList>
