<?xml version='1.0' encoding='ISO-8859-1'?>
<PropertyList>
  <runway>
    <threshold>
      <lon>-94.03189255</lon>
      <lat>36.22823154</lat>
      <rwy>18</rwy>
      <hdg-deg>185.00</hdg-deg>
      <displ-m>0.0</displ-m>
      <stopw-m>0.0</stopw-m>
    </threshold>
    <threshold>
      <lon>-94.03239635</lon>
      <lat>36.22358622</lat>
      <rwy>36</rwy>
      <hdg-deg>5.00</hdg-deg>
      <displ-m>0.0</displ-m>
      <stopw-m>0.0</stopw-m>
    </threshold>
  </runway>
</PropertyList>
