<?xml version='1.0' encoding='ISO-8859-1'?>
<PropertyList>
  <runway>
    <threshold>
      <lon>-90.28447148</lon>
      <lat>36.48572931</lat>
      <rwy>09</rwy>
      <hdg-deg>92.00</hdg-deg>
      <displ-m>0.0</displ-m>
      <stopw-m>0.0</stopw-m>
    </threshold>
    <threshold>
      <lon>-90.27628852</lon>
      <lat>36.48549957</lat>
      <rwy>27</rwy>
      <hdg-deg>272.00</hdg-deg>
      <displ-m>0.0</displ-m>
      <stopw-m>0.0</stopw-m>
    </threshold>
  </runway>
</PropertyList>
