<?xml version='1.0' encoding='ISO-8859-1'?>
<PropertyList>
  <runway>
    <threshold>
      <lon>-94.13922045</lon>
      <lat>35.48827919</lat>
      <rwy>16</rwy>
      <hdg-deg>165.00</hdg-deg>
      <displ-m>0.0</displ-m>
      <stopw-m>0.0</stopw-m>
    </threshold>
    <threshold>
      <lon>-94.13730233</lon>
      <lat>35.48245025</lat>
      <rwy>34</rwy>
      <hdg-deg>345.00</hdg-deg>
      <displ-m>0.0</displ-m>
      <stopw-m>0.0</stopw-m>
    </threshold>
  </runway>
</PropertyList>
