<?xml version='1.0' encoding='ISO-8859-1'?>
<PropertyList>
  <runway>
    <threshold>
      <lon>-91.18878678</lon>
      <lat>35.26805621</lat>
      <rwy>18</rwy>
      <hdg-deg>183.00</hdg-deg>
      <displ-m>0.0</displ-m>
      <stopw-m>0.0</stopw-m>
    </threshold>
    <threshold>
      <lon>-91.18923934</lon>
      <lat>35.26100545</lat>
      <rwy>36</rwy>
      <hdg-deg>3.00</hdg-deg>
      <displ-m>0.0</displ-m>
      <stopw-m>0.0</stopw-m>
    </threshold>
  </runway>
</PropertyList>
