<?xml version='1.0' encoding='ISO-8859-1'?>
<PropertyList>
  <runway>
    <threshold>
      <lon>-91.95951955</lon>
      <lat>34.41137976</lat>
      <rwy>17</rwy>
      <hdg-deg>173.00</hdg-deg>
      <displ-m>0.0</displ-m>
      <stopw-m>0.0</stopw-m>
    </threshold>
    <threshold>
      <lon>-91.95797991</lon>
      <lat>34.40103412</lat>
      <rwy>35</rwy>
      <hdg-deg>353.00</hdg-deg>
      <displ-m>0.0</displ-m>
      <stopw-m>0.0</stopw-m>
    </threshold>
  </runway>
</PropertyList>
