<?xml version='1.0' encoding='ISO-8859-1'?>
<PropertyList>
  <runway>
    <threshold>
      <lon>-149.14711485</lon>
      <lat>61.5544987</lat>
      <rwy>06</rwy>
      <hdg-deg>84.99</hdg-deg>
      <displ-m>0.0</displ-m>
      <stopw-m>0.0</stopw-m>
    </threshold>
    <threshold>
      <lon>-149.13564127</lon>
      <lat>61.55497684</lat>
      <rwy>24</rwy>
      <hdg-deg>265.00</hdg-deg>
      <displ-m>0.0</displ-m>
      <stopw-m>0.0</stopw-m>
    </threshold>
  </runway>
</PropertyList>
