<?xml version='1.0' encoding='ISO-8859-1'?>
<PropertyList>
  <runway>
    <threshold>
      <lon>-153.27380229</lon>
      <lat>63.39163326</lat>
      <rwy>02</rwy>
      <hdg-deg>44.00</hdg-deg>
      <displ-m>0.0</displ-m>
      <stopw-m>0.0</stopw-m>
    </threshold>
    <threshold>
      <lon>-153.26414439</lon>
      <lat>63.39611228</lat>
      <rwy>20</rwy>
      <hdg-deg>224.00</hdg-deg>
      <displ-m>0.0</displ-m>
      <stopw-m>0.0</stopw-m>
    </threshold>
  </runway>
</PropertyList>
