<?xml version='1.0' encoding='ISO-8859-1'?>
<PropertyList>
  <runway>
    <threshold>
      <lon>-145.69544681</lon>
      <lat>61.17648972</lat>
      <rwy>05</rwy>
      <hdg-deg>76.99</hdg-deg>
      <displ-m>0.0</displ-m>
      <stopw-m>0.0</stopw-m>
    </threshold>
    <threshold>
      <lon>-145.68142097</lon>
      <lat>61.17805082</lat>
      <rwy>23</rwy>
      <hdg-deg>257.01</hdg-deg>
      <displ-m>0.0</displ-m>
      <stopw-m>0.0</stopw-m>
    </threshold>
  </runway>
</PropertyList>
