<?xml version='1.0' encoding='ISO-8859-1'?>
<PropertyList>
  <runway>
    <threshold>
      <lon>-148.52762134</lon>
      <lat>64.02594386</lat>
      <rwy>07</rwy>
      <hdg-deg>97.00</hdg-deg>
      <displ-m>0.0</displ-m>
      <stopw-m>0.0</stopw-m>
    </threshold>
    <threshold>
      <lon>-148.51705366</lon>
      <lat>64.02537558</lat>
      <rwy>25</rwy>
      <hdg-deg>277.00</hdg-deg>
      <displ-m>0.0</displ-m>
      <stopw-m>0.0</stopw-m>
    </threshold>
  </runway>
</PropertyList>
