<?xml version='1.0' encoding='ISO-8859-1'?>
<PropertyList>
  <runway>
    <threshold>
      <lon>-88.30810532</lon>
      <lat>30.76283513</lat>
      <rwy>05</rwy>
      <hdg-deg>52.00</hdg-deg>
      <displ-m>0.0</displ-m>
      <stopw-m>0.0</stopw-m>
    </threshold>
    <threshold>
      <lon>-88.30357746</lon>
      <lat>30.76587487</lat>
      <rwy>23</rwy>
      <hdg-deg>232.00</hdg-deg>
      <displ-m>0.0</displ-m>
      <stopw-m>0.0</stopw-m>
    </threshold>
  </runway>
</PropertyList>
