<?xml version='1.0' encoding='ISO-8859-1'?>
<PropertyList>
  <runway>
    <threshold>
      <lon>-87.50828166</lon>
      <lat>30.41192695</lat>
      <rwy>09</rwy>
      <hdg-deg>91.00</hdg-deg>
      <displ-m>0.0</displ-m>
      <stopw-m>0.0</stopw-m>
    </threshold>
    <threshold>
      <lon>-87.50001336</lon>
      <lat>30.41180249</lat>
      <rwy>27</rwy>
      <hdg-deg>271.00</hdg-deg>
      <displ-m>0.0</displ-m>
      <stopw-m>0.0</stopw-m>
    </threshold>
  </runway>
</PropertyList>
