<?xml version='1.0' encoding='ISO-8859-1'?>
<PropertyList>
  <runway>
    <threshold>
      <lon>-86.87177508</lon>
      <lat>32.84461285</lat>
      <rwy>02</rwy>
      <hdg-deg>20.00</hdg-deg>
      <displ-m>0.0</displ-m>
      <stopw-m>0.0</stopw-m>
    </threshold>
    <threshold>
      <lon>-86.8682016</lon>
      <lat>32.85286103</lat>
      <rwy>20</rwy>
      <hdg-deg>200.00</hdg-deg>
      <displ-m>0.0</displ-m>
      <stopw-m>0.0</stopw-m>
    </threshold>
  </runway>
</PropertyList>
