<?xml version='1.0' encoding='ISO-8859-1'?>
<PropertyList>
  <runway>
    <threshold>
      <lon>-87.85470602</lon>
      <lat>30.52984068</lat>
      <rwy>17</rwy>
      <hdg-deg>171.00</hdg-deg>
      <displ-m>0.0</displ-m>
      <stopw-m>0.0</stopw-m>
    </threshold>
    <threshold>
      <lon>-87.8536101</lon>
      <lat>30.52388042</lat>
      <rwy>35</rwy>
      <hdg-deg>351.00</hdg-deg>
      <displ-m>0.0</displ-m>
      <stopw-m>0.0</stopw-m>
    </threshold>
  </runway>
</PropertyList>
