<?xml version='1.0' encoding='ISO-8859-1'?>
<PropertyList>
  <runway>
    <threshold>
      <lon>-86.09884973</lon>
      <lat>32.27301511</lat>
      <rwy>18</rwy>
      <hdg-deg>180.00</hdg-deg>
      <displ-m>0.0</displ-m>
      <stopw-m>0.0</stopw-m>
    </threshold>
    <threshold>
      <lon>-86.09884973</lon>
      <lat>32.26615765</lat>
      <rwy>36</rwy>
      <hdg-deg>0.00</hdg-deg>
      <displ-m>0.0</displ-m>
      <stopw-m>0.0</stopw-m>
    </threshold>
  </runway>
</PropertyList>
