<?xml version='1.0' encoding='ISO-8859-1'?>
<PropertyList>
  <runway>
    <threshold>
      <lon>-162.67017824</lon>
      <lat>60.33336431</lat>
      <rwy>02</rwy>
      <hdg-deg>38.07</hdg-deg>
      <displ-m>0.0</displ-m>
      <stopw-m>0.0</stopw-m>
    </threshold>
    <threshold>
      <lon>-162.66163334</lon>
      <lat>60.33876248</lat>
      <rwy>20</rwy>
      <hdg-deg>218.08</hdg-deg>
      <displ-m>0.0</displ-m>
      <stopw-m>0.0</stopw-m>
    </threshold>
  </runway>
</PropertyList>
