<?xml version='1.0' encoding='ISO-8859-1'?>
<PropertyList>
  <runway>
    <threshold>
      <lon>-125.307219</lon>
      <lat>52.455275</lat>
      <rwy>06</rwy>
      <hdg-deg>81.49</hdg-deg>
      <displ-m>0.0</displ-m>
      <stopw-m>0.0</stopw-m>
    </threshold>
    <threshold>
      <lon>-125.295</lon>
      <lat>52.456389</lat>
      <rwy>24</rwy>
      <hdg-deg>261.50</hdg-deg>
      <displ-m>0.0</displ-m>
      <stopw-m>0.0</stopw-m>
    </threshold>
  </runway>
  <runway>
    <threshold>
      <lon>-125.308175</lon>
      <lat>52.457031</lat>
      <rwy>13</rwy>
      <hdg-deg>146.93</hdg-deg>
      <displ-m>0.0</displ-m>
      <stopw-m>0.0</stopw-m>
    </threshold>
    <threshold>
      <lon>-125.298494</lon>
      <lat>52.447969</lat>
      <rwy>31</rwy>
      <hdg-deg>326.94</hdg-deg>
      <displ-m>0.0</displ-m>
      <stopw-m>0.0</stopw-m>
    </threshold>
  </runway>
</PropertyList>
