<?xml version='1.0' encoding='ISO-8859-1'?>
<PropertyList>
  <runway>
    <threshold>
      <lon>-160.9016199</lon>
      <lat>55.80134857</lat>
      <rwy>07</rwy>
      <hdg-deg>88.00</hdg-deg>
      <displ-m>0.0</displ-m>
      <stopw-m>0.0</stopw-m>
    </threshold>
    <threshold>
      <lon>-160.896889</lon>
      <lat>55.80144143</lat>
      <rwy>25</rwy>
      <hdg-deg>268.00</hdg-deg>
      <displ-m>0.0</displ-m>
      <stopw-m>0.0</stopw-m>
    </threshold>
  </runway>
  <runway>
    <threshold>
      <lon>-160.90103414</lon>
      <lat>55.80250595</lat>
      <rwy>12</rwy>
      <hdg-deg>138.00</hdg-deg>
      <displ-m>0.0</displ-m>
      <stopw-m>0.0</stopw-m>
    </threshold>
    <threshold>
      <lon>-160.89747476</lon>
      <lat>55.80028405</lat>
      <rwy>30</rwy>
      <hdg-deg>318.00</hdg-deg>
      <displ-m>0.0</displ-m>
      <stopw-m>0.0</stopw-m>
    </threshold>
  </runway>
</PropertyList>
