<?xml version='1.0' encoding='ISO-8859-1'?>
<PropertyList>
  <runway>
    <threshold>
      <lon>-156.94235518</lon>
      <lat>58.72764558</lat>
      <rwy>09</rwy>
      <hdg-deg>111.00</hdg-deg>
      <displ-m>0.0</displ-m>
      <stopw-m>0.0</stopw-m>
    </threshold>
    <threshold>
      <lon>-156.93914872</lon>
      <lat>58.72700664</lat>
      <rwy>27</rwy>
      <hdg-deg>291.00</hdg-deg>
      <displ-m>0.0</displ-m>
      <stopw-m>0.0</stopw-m>
    </threshold>
  </runway>
  <runway>
    <threshold>
      <lon>-156.94037386</lon>
      <lat>58.72833583</lat>
      <rwy>17</rwy>
      <hdg-deg>191.00</hdg-deg>
      <displ-m>0.0</displ-m>
      <stopw-m>0.0</stopw-m>
    </threshold>
    <threshold>
      <lon>-156.94113004</lon>
      <lat>58.72631639</lat>
      <rwy>35</rwy>
      <hdg-deg>11.00</hdg-deg>
      <displ-m>0.0</displ-m>
      <stopw-m>0.0</stopw-m>
    </threshold>
  </runway>
</PropertyList>
