<?xml version='1.0' encoding='ISO-8859-1'?>
<PropertyList>
  <runway>
    <threshold>
      <lon>-150.18490289</lon>
      <lat>60.69477302</lat>
      <rwy>02</rwy>
      <hdg-deg>45.00</hdg-deg>
      <displ-m>0.0</displ-m>
      <stopw-m>0.0</stopw-m>
    </threshold>
    <threshold>
      <lon>-150.17499545</lon>
      <lat>60.69962198</lat>
      <rwy>20</rwy>
      <hdg-deg>225.00</hdg-deg>
      <displ-m>0.0</displ-m>
      <stopw-m>0.0</stopw-m>
    </threshold>
  </runway>
</PropertyList>
