<?xml version='1.0' encoding='ISO-8859-1'?>
<PropertyList>
  <runway>
    <threshold>
      <lon>115.78382478</lon>
      <lat>-32.79167216</lat>
      <rwy>05</rwy>
      <hdg-deg>55.02</hdg-deg>
      <displ-m>0.0</displ-m>
      <stopw-m>0.0</stopw-m>
    </threshold>
    <threshold>
      <lon>115.79515659</lon>
      <lat>-32.78500492</lat>
      <rwy>23</rwy>
      <hdg-deg>235.01</hdg-deg>
      <displ-m>0.0</displ-m>
      <stopw-m>0.0</stopw-m>
    </threshold>
  </runway>
  <runway>
    <threshold>
      <lon>115.78601708</lon>
      <lat>-32.78778455</lat>
      <rwy>07</rwy>
      <hdg-deg>72.87</hdg-deg>
      <displ-m>0.0</displ-m>
      <stopw-m>0.0</stopw-m>
    </threshold>
    <threshold>
      <lon>115.79304573</lon>
      <lat>-32.78596356</lat>
      <rwy>25</rwy>
      <hdg-deg>252.87</hdg-deg>
      <displ-m>0.0</displ-m>
      <stopw-m>0.0</stopw-m>
    </threshold>
  </runway>
  <runway>
    <threshold>
      <lon>115.78751289</lon>
      <lat>-32.78630635</lat>
      <rwy>17</rwy>
      <hdg-deg>176.59</hdg-deg>
      <displ-m>0.0</displ-m>
      <stopw-m>0.0</stopw-m>
    </threshold>
    <threshold>
      <lon>115.78779447</lon>
      <lat>-32.79027609</lat>
      <rwy>35</rwy>
      <hdg-deg>356.59</hdg-deg>
      <displ-m>0.0</displ-m>
      <stopw-m>0.0</stopw-m>
    </threshold>
  </runway>
</PropertyList>
