<?xml version='1.0' encoding='ISO-8859-1'?>
<PropertyList>
  <runway>
    <threshold>
      <lon>118.34325727</lon>
      <lat>-22.22278368</lat>
      <rwy>10</rwy>
      <hdg-deg>102.61</hdg-deg>
      <displ-m>0.0</displ-m>
      <stopw-m>0.0</stopw-m>
    </threshold>
    <threshold>
      <lon>118.36406844</lon>
      <lat>-22.22709219</lat>
      <rwy>28</rwy>
      <hdg-deg>282.60</hdg-deg>
      <displ-m>0.0</displ-m>
      <stopw-m>0.0</stopw-m>
    </threshold>
  </runway>
  <runway>
    <threshold>
      <lon>118.34392768</lon>
      <lat>-22.2149016</lat>
      <rwy>14</rwy>
      <hdg-deg>149.74</hdg-deg>
      <displ-m>0.0</displ-m>
      <stopw-m>0.0</stopw-m>
    </threshold>
    <threshold>
      <lon>118.35225456</lon>
      <lat>-22.22811415</lat>
      <rwy>32</rwy>
      <hdg-deg>329.74</hdg-deg>
      <displ-m>0.0</displ-m>
      <stopw-m>0.0</stopw-m>
    </threshold>
  </runway>
</PropertyList>
