<?xml version='1.0' encoding='ISO-8859-1'?>
<PropertyList>
  <runway>
    <threshold>
      <lon>116.03441617</lon>
      <lat>-27.977478</lat>
      <rwy>11</rwy>
      <hdg-deg>114.34</hdg-deg>
      <displ-m>0.0</displ-m>
      <stopw-m>0.0</stopw-m>
    </threshold>
    <threshold>
      <lon>116.04007411</lon>
      <lat>-27.9797378</lat>
      <rwy>29</rwy>
      <hdg-deg>294.33</hdg-deg>
      <displ-m>0.0</displ-m>
      <stopw-m>0.0</stopw-m>
    </threshold>
  </runway>
</PropertyList>
