<?xml version='1.0' encoding='ISO-8859-1'?>
<PropertyList>
  <runway>
    <threshold>
      <lon>119.3255925</lon>
      <lat>-34.38270883</lat>
      <rwy>06</rwy>
      <hdg-deg>67.97</hdg-deg>
      <displ-m>0.0</displ-m>
      <stopw-m>0.0</stopw-m>
    </threshold>
    <threshold>
      <lon>119.33806695</lon>
      <lat>-34.37854301</lat>
      <rwy>24</rwy>
      <hdg-deg>247.97</hdg-deg>
      <displ-m>0.0</displ-m>
      <stopw-m>0.0</stopw-m>
    </threshold>
  </runway>
  <runway>
    <threshold>
      <lon>119.33426762</lon>
      <lat>-34.37775645</lat>
      <rwy>11</rwy>
      <hdg-deg>116.76</hdg-deg>
      <displ-m>0.0</displ-m>
      <stopw-m>0.0</stopw-m>
    </threshold>
    <threshold>
      <lon>119.34049037</lon>
      <lat>-34.3803459</lat>
      <rwy>29</rwy>
      <hdg-deg>296.76</hdg-deg>
      <displ-m>0.0</displ-m>
      <stopw-m>0.0</stopw-m>
    </threshold>
  </runway>
</PropertyList>
