<?xml version='1.0' encoding='ISO-8859-1'?>
<PropertyList>
  <runway>
    <threshold>
      <lon>-157.10876131</lon>
      <lat>57.88398038</lat>
      <rwy>06</rwy>
      <hdg-deg>79.99</hdg-deg>
      <displ-m>0.0</displ-m>
      <stopw-m>0.0</stopw-m>
    </threshold>
    <threshold>
      <lon>-157.08487925</lon>
      <lat>57.88621906</lat>
      <rwy>24</rwy>
      <hdg-deg>260.01</hdg-deg>
      <displ-m>0.0</displ-m>
      <stopw-m>0.0</stopw-m>
    </threshold>
  </runway>
</PropertyList>
