<?xml version='1.0' encoding='ISO-8859-1'?>
<PropertyList>
  <runway>
    <threshold>
      <lon>-148.90649835</lon>
      <lat>62.70056763</lat>
      <rwy>18</rwy>
      <hdg-deg>204.00</hdg-deg>
      <displ-m>0.0</displ-m>
      <stopw-m>0.0</stopw-m>
    </threshold>
    <threshold>
      <lon>-148.9083226</lon>
      <lat>62.69868837</lat>
      <rwy>36</rwy>
      <hdg-deg>24.00</hdg-deg>
      <displ-m>0.0</displ-m>
      <stopw-m>0.0</stopw-m>
    </threshold>
  </runway>
</PropertyList>
