<?xml version='1.0' encoding='ISO-8859-1'?>
<PropertyList>
  <runway>
    <threshold>
      <lon>-157.39382335</lon>
      <lat>60.87029089</lat>
      <rwy>14</rwy>
      <hdg-deg>160.00</hdg-deg>
      <displ-m>0.0</displ-m>
      <stopw-m>0.0</stopw-m>
    </threshold>
    <threshold>
      <lon>-157.39006555</lon>
      <lat>60.86526465</lat>
      <rwy>32</rwy>
      <hdg-deg>340.00</hdg-deg>
      <displ-m>0.0</displ-m>
      <stopw-m>0.0</stopw-m>
    </threshold>
  </runway>
</PropertyList>
