<?xml version='1.0' encoding='ISO-8859-1'?>
<PropertyList>
  <runway>
    <threshold>
      <lon>-139.02929799</lon>
      <lat>59.41356547</lat>
      <rwy>04</rwy>
      <hdg-deg>68.00</hdg-deg>
      <displ-m>0.0</displ-m>
      <stopw-m>0.0</stopw-m>
    </threshold>
    <threshold>
      <lon>-139.02080091</lon>
      <lat>59.41531229</lat>
      <rwy>22</rwy>
      <hdg-deg>248.00</hdg-deg>
      <displ-m>0.0</displ-m>
      <stopw-m>0.0</stopw-m>
    </threshold>
  </runway>
</PropertyList>
