<?xml version='1.0' encoding='ISO-8859-1'?>
<PropertyList>
  <runway>
    <threshold>
      <lon>-139.51115461</lon>
      <lat>59.55411111</lat>
      <rwy>13</rwy>
      <hdg-deg>158.00</hdg-deg>
      <displ-m>0.0</displ-m>
      <stopw-m>0.0</stopw-m>
    </threshold>
    <threshold>
      <lon>-139.50722095</lon>
      <lat>59.54917721</lat>
      <rwy>31</rwy>
      <hdg-deg>338.00</hdg-deg>
      <displ-m>0.0</displ-m>
      <stopw-m>0.0</stopw-m>
    </threshold>
  </runway>
</PropertyList>
