<?xml version='1.0' encoding='ISO-8859-1'?>
<PropertyList>
  <runway>
    <threshold>
      <lon>-138.50637117</lon>
      <lat>59.25025181</lat>
      <rwy>12</rwy>
      <hdg-deg>148.00</hdg-deg>
      <displ-m>0.0</displ-m>
      <stopw-m>0.0</stopw-m>
    </threshold>
    <threshold>
      <lon>-138.50096995</lon>
      <lat>59.24583207</lat>
      <rwy>30</rwy>
      <hdg-deg>328.00</hdg-deg>
      <displ-m>0.0</displ-m>
      <stopw-m>0.0</stopw-m>
    </threshold>
  </runway>
</PropertyList>
