<?xml version='1.0' encoding='ISO-8859-1'?>
<PropertyList>
  <runway>
    <threshold>
      <lon>132.60027138</lon>
      <lat>-22.80836946</lat>
      <rwy>12</rwy>
      <hdg-deg>123.88</hdg-deg>
      <displ-m>0.0</displ-m>
      <stopw-m>0.0</stopw-m>
    </threshold>
    <threshold>
      <lon>132.61162071</lon>
      <lat>-22.81539345</lat>
      <rwy>30</rwy>
      <hdg-deg>303.88</hdg-deg>
      <displ-m>0.0</displ-m>
      <stopw-m>0.0</stopw-m>
    </threshold>
  </runway>
</PropertyList>
