<?xml version='1.0' encoding='ISO-8859-1'?>
<PropertyList>
  <runway>
    <threshold>
      <lon>134.74439544</lon>
      <lat>-27.13605665</lat>
      <rwy>10</rwy>
      <hdg-deg>105.30</hdg-deg>
      <displ-m>0.0</displ-m>
      <stopw-m>0.0</stopw-m>
    </threshold>
    <threshold>
      <lon>134.75252737</lon>
      <lat>-27.1380364</lat>
      <rwy>28</rwy>
      <hdg-deg>285.30</hdg-deg>
      <displ-m>0.0</displ-m>
      <stopw-m>0.0</stopw-m>
    </threshold>
  </runway>
</PropertyList>
