<?xml version='1.0' encoding='ISO-8859-1'?>
<PropertyList>
  <runway>
    <threshold>
      <lon>137.5445964</lon>
      <lat>-32.81220778</lat>
      <rwy>12</rwy>
      <hdg-deg>129.05</hdg-deg>
      <displ-m>0.0</displ-m>
      <stopw-m>0.0</stopw-m>
    </threshold>
    <threshold>
      <lon>137.55778098</lon>
      <lat>-32.82119517</lat>
      <rwy>30</rwy>
      <hdg-deg>309.04</hdg-deg>
      <displ-m>0.0</displ-m>
      <stopw-m>0.0</stopw-m>
    </threshold>
  </runway>
  <runway>
    <threshold>
      <lon>137.55398038</lon>
      <lat>-32.81230414</lat>
      <rwy>18</rwy>
      <hdg-deg>180.91</hdg-deg>
      <displ-m>0.0</displ-m>
      <stopw-m>0.0</stopw-m>
    </threshold>
    <threshold>
      <lon>137.55366553</lon>
      <lat>-32.82891918</lat>
      <rwy>36</rwy>
      <hdg-deg>0.91</hdg-deg>
      <displ-m>0.0</displ-m>
      <stopw-m>0.0</stopw-m>
    </threshold>
  </runway>
  <runway>
    <threshold>
      <lon>137.55847131</lon>
      <lat>-32.82011846</lat>
      <rwy>25</rwy>
      <hdg-deg>258.74</hdg-deg>
      <displ-m>0.0</displ-m>
      <stopw-m>0.0</stopw-m>
    </threshold>
    <threshold>
      <lon>137.54956772</lon>
      <lat>-32.82160817</lat>
      <rwy>7</rwy>
      <hdg-deg>78.74</hdg-deg>
      <displ-m>0.0</displ-m>
      <stopw-m>0.0</stopw-m>
    </threshold>
  </runway>
</PropertyList>
