<?xml version='1.0' encoding='ISO-8859-1'?>
<PropertyList>
  <runway>
    <threshold>
      <lon>145.27740816</lon>
      <lat>-36.39810511</lat>
      <rwy>27</rwy>
      <hdg-deg>90.13</hdg-deg>
      <displ-m>0.0</displ-m>
      <stopw-m>0.0</stopw-m>
    </threshold>
    <threshold>
      <lon>145.28867062</lon>
      <lat>-36.39812559</lat>
      <rwy>9</rwy>
      <hdg-deg>270.13</hdg-deg>
      <displ-m>0.0</displ-m>
      <stopw-m>0.0</stopw-m>
    </threshold>
  </runway>
</PropertyList>
