<?xml version='1.0' encoding='ISO-8859-1'?>
<PropertyList>
  <runway>
    <threshold>
      <lon>145.12906754</lon>
      <lat>-36.38624894</lat>
      <rwy>27</rwy>
      <hdg-deg>270.24</hdg-deg>
      <displ-m>0.0</displ-m>
      <stopw-m>0.0</stopw-m>
    </threshold>
    <threshold>
      <lon>145.12030937</lon>
      <lat>-36.38621895</lat>
      <rwy>9</rwy>
      <hdg-deg>90.25</hdg-deg>
      <displ-m>0.0</displ-m>
      <stopw-m>0.0</stopw-m>
    </threshold>
  </runway>
</PropertyList>
