<?xml version='1.0' encoding='ISO-8859-1'?>
<PropertyList>
  <runway>
    <threshold>
      <lon>145.74475099</lon>
      <lat>-36.29012923</lat>
      <rwy>23</rwy>
      <hdg-deg>203.64</hdg-deg>
      <displ-m>0.0</displ-m>
      <stopw-m>0.0</stopw-m>
    </threshold>
    <threshold>
      <lon>145.74107574</lon>
      <lat>-36.29689675</lat>
      <rwy>5</rwy>
      <hdg-deg>23.64</hdg-deg>
      <displ-m>0.0</displ-m>
      <stopw-m>0.0</stopw-m>
    </threshold>
  </runway>
</PropertyList>
