<?xml version='1.0' encoding='ISO-8859-1'?>
<PropertyList>
  <runway>
    <threshold>
      <lon>122.05991471</lon>
      <lat>-28.77095016</lat>
      <rwy>17</rwy>
      <hdg-deg>172.21</hdg-deg>
      <displ-m>0.0</displ-m>
      <stopw-m>0.0</stopw-m>
    </threshold>
    <threshold>
      <lon>122.06115479</lon>
      <lat>-28.7788939</lat>
      <rwy>35</rwy>
      <hdg-deg>352.21</hdg-deg>
      <displ-m>0.0</displ-m>
      <stopw-m>0.0</stopw-m>
    </threshold>
  </runway>
</PropertyList>
