<?xml version='1.0' encoding='ISO-8859-1'?>
<PropertyList>
  <runway>
    <threshold>
      <lon>40.56135565</lon>
      <lat>-79.23503719</lat>
      <rwy>18</rwy>
      <hdg-deg>180.56</hdg-deg>
      <displ-m>0.0</displ-m>
      <stopw-m>0.0</stopw-m>
    </threshold>
    <threshold>
      <lon>40.55969994</lon>
      <lat>-79.26653315</lat>
      <rwy>36</rwy>
      <hdg-deg>0.56</hdg-deg>
      <displ-m>0.0</displ-m>
      <stopw-m>0.0</stopw-m>
    </threshold>
  </runway>
</PropertyList>
