<?xml version='1.0' encoding='ISO-8859-1'?>
<PropertyList>
  <runway>
    <threshold>
      <lon>62.76539599</lon>
      <lat>-67.74772126</lat>
      <rwy>17</rwy>
      <hdg-deg>179.35</hdg-deg>
      <displ-m>0.0</displ-m>
      <stopw-m>0.0</stopw-m>
    </threshold>
    <threshold>
      <lon>62.76550402</lon>
      <lat>-67.751321</lat>
      <rwy>35</rwy>
      <hdg-deg>359.35</hdg-deg>
      <displ-m>0.0</displ-m>
      <stopw-m>0.0</stopw-m>
    </threshold>
  </runway>
</PropertyList>
