<?xml version='1.0' encoding='ISO-8859-1'?>
<PropertyList>
  <runway>
    <threshold>
      <lon>-2.82501767</lon>
      <lat>-71.66788465</lat>
      <rwy>17</rwy>
      <hdg-deg>179.35</hdg-deg>
      <displ-m>0.0</displ-m>
      <stopw-m>0.0</stopw-m>
    </threshold>
    <threshold>
      <lon>-2.82469226</lon>
      <lat>-71.67688335</lat>
      <rwy>35</rwy>
      <hdg-deg>359.35</hdg-deg>
      <displ-m>0.0</displ-m>
      <stopw-m>0.0</stopw-m>
    </threshold>
  </runway>
</PropertyList>
