<?xml version='1.0' encoding='ISO-8859-1'?>
<PropertyList>
  <runway>
    <threshold>
      <lon>148.65227226</lon>
      <lat>-71.65069065</lat>
      <rwy>17</rwy>
      <hdg-deg>179.35</hdg-deg>
      <displ-m>0.0</displ-m>
      <stopw-m>0.0</stopw-m>
    </threshold>
    <threshold>
      <lon>148.65259772</lon>
      <lat>-71.659689</lat>
      <rwy>35</rwy>
      <hdg-deg>359.35</hdg-deg>
      <displ-m>0.0</displ-m>
      <stopw-m>0.0</stopw-m>
    </threshold>
  </runway>
</PropertyList>
