<?xml version='1.0' encoding='ISO-8859-1'?>
<PropertyList>
  <runway>
    <threshold>
      <lon>-71.64002376</lon>
      <lat>-74.89258253</lat>
      <rwy>14</rwy>
      <hdg-deg>142.58</hdg-deg>
      <displ-m>0.0</displ-m>
      <stopw-m>0.0</stopw-m>
    </threshold>
    <threshold>
      <lon>-71.61482725</lon>
      <lat>-74.901159</lat>
      <rwy>32</rwy>
      <hdg-deg>322.55</hdg-deg>
      <displ-m>0.0</displ-m>
      <stopw-m>0.0</stopw-m>
    </threshold>
  </runway>
</PropertyList>
