<?xml version='1.0' encoding='ISO-8859-1'?>
<PropertyList>
  <runway>
    <threshold>
      <lon>-87.8727723</lon>
      <lat>-85.19172099</lat>
      <rwy>17</rwy>
      <hdg-deg>179.35</hdg-deg>
      <displ-m>0.0</displ-m>
      <stopw-m>0.0</stopw-m>
    </threshold>
    <threshold>
      <lon>-87.87083369</lon>
      <lat>-85.20593892</lat>
      <rwy>35</rwy>
      <hdg-deg>359.35</hdg-deg>
      <displ-m>0.0</displ-m>
      <stopw-m>0.0</stopw-m>
    </threshold>
  </runway>
</PropertyList>
