<?xml version='1.0' encoding='ISO-8859-1'?>
<PropertyList>
  <runway>
    <threshold>
      <lon>117.54509565</lon>
      <lat>-34.27839725</lat>
      <rwy>10</rwy>
      <hdg-deg>101.51</hdg-deg>
      <displ-m>0.0</displ-m>
      <stopw-m>0.0</stopw-m>
    </threshold>
    <threshold>
      <lon>117.56211339</lon>
      <lat>-34.28126069</lat>
      <rwy>28</rwy>
      <hdg-deg>281.51</hdg-deg>
      <displ-m>0.0</displ-m>
      <stopw-m>0.0</stopw-m>
    </threshold>
  </runway>
</PropertyList>
