<?xml version='1.0' encoding='ISO-8859-1'?>
<PropertyList>
  <runway>
    <threshold>
      <lon>116.94700377</lon>
      <lat>-34.34769156</lat>
      <rwy>09</rwy>
      <hdg-deg>90.33</hdg-deg>
      <displ-m>0.0</displ-m>
      <stopw-m>0.0</stopw-m>
    </threshold>
    <threshold>
      <lon>116.95859066</lon>
      <lat>-34.34774666</lat>
      <rwy>27</rwy>
      <hdg-deg>270.33</hdg-deg>
      <displ-m>0.0</displ-m>
      <stopw-m>0.0</stopw-m>
    </threshold>
  </runway>
</PropertyList>
