<?xml version='1.0' encoding='ISO-8859-1'?>
<PropertyList>
  <runway>
    <threshold>
      <lon>118.46071323</lon>
      <lat>-22.48568588</lat>
      <rwy>10</rwy>
      <hdg-deg>101.35</hdg-deg>
      <displ-m>0.0</displ-m>
      <stopw-m>0.0</stopw-m>
    </threshold>
    <threshold>
      <lon>118.47374552</lon>
      <lat>-22.48810292</lat>
      <rwy>28</rwy>
      <hdg-deg>281.35</hdg-deg>
      <displ-m>0.0</displ-m>
      <stopw-m>0.0</stopw-m>
    </threshold>
  </runway>
</PropertyList>
