<?xml version='1.0' encoding='ISO-8859-1'?>
<PropertyList>
  <runway>
    <threshold>
      <lon>118.07879612</lon>
      <lat>-33.17507552</lat>
      <rwy>08</rwy>
      <hdg-deg>89.91</hdg-deg>
      <displ-m>0.0</displ-m>
      <stopw-m>0.0</stopw-m>
    </threshold>
    <threshold>
      <lon>118.0919819</lon>
      <lat>-33.17505818</lat>
      <rwy>26</rwy>
      <hdg-deg>269.91</hdg-deg>
      <displ-m>0.0</displ-m>
      <stopw-m>0.0</stopw-m>
    </threshold>
  </runway>
</PropertyList>
