<?xml version='1.0' encoding='ISO-8859-1'?>
<PropertyList>
  <runway>
    <threshold>
      <lon>118.16575533</lon>
      <lat>-32.67511632</lat>
      <rwy>04</rwy>
      <hdg-deg>40.97</hdg-deg>
      <displ-m>0.0</displ-m>
      <stopw-m>0.0</stopw-m>
    </threshold>
    <threshold>
      <lon>118.17405138</lon>
      <lat>-32.66707263</lat>
      <rwy>22</rwy>
      <hdg-deg>220.96</hdg-deg>
      <displ-m>0.0</displ-m>
      <stopw-m>0.0</stopw-m>
    </threshold>
  </runway>
</PropertyList>
