<?xml version='1.0' encoding='ISO-8859-1'?>
<PropertyList>
  <runway>
    <threshold>
      <lon>118.21316935</lon>
      <lat>-34.22325037</lat>
      <rwy>12</rwy>
      <hdg-deg>128.30</hdg-deg>
      <displ-m>0.0</displ-m>
      <stopw-m>0.0</stopw-m>
    </threshold>
    <threshold>
      <lon>118.21848393</lon>
      <lat>-34.22672077</lat>
      <rwy>30</rwy>
      <hdg-deg>308.30</hdg-deg>
      <displ-m>0.0</displ-m>
      <stopw-m>0.0</stopw-m>
    </threshold>
  </runway>
</PropertyList>
