<?xml version='1.0' encoding='ISO-8859-1'?>
<PropertyList>
  <runway>
    <threshold>
      <lon>118.05235447</lon>
      <lat>-34.98534018</lat>
      <rwy>13</rwy>
      <hdg-deg>130.31</hdg-deg>
      <displ-m>0.0</displ-m>
      <stopw-m>0.0</stopw-m>
    </threshold>
    <threshold>
      <lon>118.05959368</lon>
      <lat>-34.99037173</lat>
      <rwy>31</rwy>
      <hdg-deg>310.31</hdg-deg>
      <displ-m>0.0</displ-m>
      <stopw-m>0.0</stopw-m>
    </threshold>
  </runway>
</PropertyList>
