<?xml version='1.0' encoding='ISO-8859-1'?>
<PropertyList>
  <runway>
    <threshold>
      <lon>120.91462957</lon>
      <lat>-27.43199889</lat>
      <rwy>08</rwy>
      <hdg-deg>89.96</hdg-deg>
      <displ-m>0.0</displ-m>
      <stopw-m>0.0</stopw-m>
    </threshold>
    <threshold>
      <lon>120.93250937</lon>
      <lat>-27.43198781</lat>
      <rwy>26</rwy>
      <hdg-deg>269.96</hdg-deg>
      <displ-m>0.0</displ-m>
      <stopw-m>0.0</stopw-m>
    </threshold>
  </runway>
</PropertyList>
