<?xml version='1.0' encoding='ISO-8859-1'?>
<PropertyList>
  <runway>
    <threshold>
      <lon>118.24819876</lon>
      <lat>-24.22884769</lat>
      <rwy>03</rwy>
      <hdg-deg>36.73</hdg-deg>
      <displ-m>0.0</displ-m>
      <stopw-m>0.0</stopw-m>
    </threshold>
    <threshold>
      <lon>118.25534552</lon>
      <lat>-24.22011275</lat>
      <rwy>21</rwy>
      <hdg-deg>216.73</hdg-deg>
      <displ-m>0.0</displ-m>
      <stopw-m>0.0</stopw-m>
    </threshold>
  </runway>
  <runway>
    <threshold>
      <lon>118.24179044</lon>
      <lat>-24.22859346</lat>
      <rwy>08</rwy>
      <hdg-deg>88.43</hdg-deg>
      <displ-m>0.0</displ-m>
      <stopw-m>0.0</stopw-m>
    </threshold>
    <threshold>
      <lon>118.24843579</lon>
      <lat>-24.22842743</lat>
      <rwy>26</rwy>
      <hdg-deg>268.43</hdg-deg>
      <displ-m>0.0</displ-m>
      <stopw-m>0.0</stopw-m>
    </threshold>
  </runway>
  <runway>
    <threshold>
      <lon>118.25138175</lon>
      <lat>-24.21529908</lat>
      <rwy>14</rwy>
      <hdg-deg>146.82</hdg-deg>
      <displ-m>0.0</displ-m>
      <stopw-m>0.0</stopw-m>
    </threshold>
    <threshold>
      <lon>118.2546399</lon>
      <lat>-24.21984244</lat>
      <rwy>32</rwy>
      <hdg-deg>326.81</hdg-deg>
      <displ-m>0.0</displ-m>
      <stopw-m>0.0</stopw-m>
    </threshold>
  </runway>
</PropertyList>
