<?xml version='1.0' encoding='ISO-8859-1'?>
<PropertyList>
  <runway>
    <threshold>
      <lon>116.14925382</lon>
      <lat>-34.66138568</lat>
      <rwy>05</rwy>
      <hdg-deg>52.64</hdg-deg>
      <displ-m>0.0</displ-m>
      <stopw-m>0.0</stopw-m>
    </threshold>
    <threshold>
      <lon>116.15407633</lon>
      <lat>-34.65835695</lat>
      <rwy>23</rwy>
      <hdg-deg>232.64</hdg-deg>
      <displ-m>0.0</displ-m>
      <stopw-m>0.0</stopw-m>
    </threshold>
  </runway>
  <runway>
    <threshold>
      <lon>116.15013969</lon>
      <lat>-34.65808391</lat>
      <rwy>12</rwy>
      <hdg-deg>128.50</hdg-deg>
      <displ-m>0.0</displ-m>
      <stopw-m>0.0</stopw-m>
    </threshold>
    <threshold>
      <lon>116.15458295</lon>
      <lat>-34.66099076</lat>
      <rwy>30</rwy>
      <hdg-deg>308.50</hdg-deg>
      <displ-m>0.0</displ-m>
      <stopw-m>0.0</stopw-m>
    </threshold>
  </runway>
</PropertyList>
