<?xml version='1.0' encoding='ISO-8859-1'?>
<PropertyList>
  <runway>
    <threshold>
      <lon>-94.01761837</lon>
      <lat>33.51292244</lat>
      <rwy>09</rwy>
      <hdg-deg>95.00</hdg-deg>
      <displ-m>0.0</displ-m>
      <stopw-m>0.0</stopw-m>
    </threshold>
    <threshold>
      <lon>-94.00942497</lon>
      <lat>33.51232478</lat>
      <rwy>27</rwy>
      <hdg-deg>275.00</hdg-deg>
      <displ-m>0.0</displ-m>
      <stopw-m>0.0</stopw-m>
    </threshold>
  </runway>
</PropertyList>
