<?xml version='1.0' encoding='ISO-8859-1'?>
<PropertyList>
  <runway>
    <threshold>
      <lon>-91.91484915</lon>
      <lat>34.92212009</lat>
      <rwy>18</rwy>
      <hdg-deg>184.00</hdg-deg>
      <displ-m>0.0</displ-m>
      <stopw-m>0.0</stopw-m>
    </threshold>
    <threshold>
      <lon>-91.91543253</lon>
      <lat>34.91527935</lat>
      <rwy>36</rwy>
      <hdg-deg>4.00</hdg-deg>
      <displ-m>0.0</displ-m>
      <stopw-m>0.0</stopw-m>
    </threshold>
  </runway>
</PropertyList>
