<?xml version='1.0' encoding='ISO-8859-1'?>
<PropertyList>
  <runway>
    <threshold>
      <lon>-91.43320892</lon>
      <lat>35.60405651</lat>
      <rwy>18</rwy>
      <hdg-deg>183.00</hdg-deg>
      <displ-m>0.0</displ-m>
      <stopw-m>0.0</stopw-m>
    </threshold>
    <threshold>
      <lon>-91.43372164</lon>
      <lat>35.59610181</lat>
      <rwy>36</rwy>
      <hdg-deg>3.00</hdg-deg>
      <displ-m>0.0</displ-m>
      <stopw-m>0.0</stopw-m>
    </threshold>
  </runway>
</PropertyList>
