<?xml version='1.0' encoding='ISO-8859-1'?>
<PropertyList>
  <runway>
    <threshold>
      <lon>144.84387098</lon>
      <lat>-4.14138133</lat>
      <rwy>06</rwy>
      <hdg-deg>60.00</hdg-deg>
      <displ-m>0.0</displ-m>
      <stopw-m>0.0</stopw-m>
    </threshold>
    <threshold>
      <lon>144.84699102</lon>
      <lat>-4.13958467</lat>
      <rwy>24</rwy>
      <hdg-deg>240.00</hdg-deg>
      <displ-m>0.0</displ-m>
      <stopw-m>0.0</stopw-m>
    </threshold>
  </runway>
</PropertyList>
