<?xml version='1.0' encoding='ISO-8859-1'?>
<PropertyList>
  <runway>
    <threshold>
      <lon>166.91169773</lon>
      <lat>-0.54122714</lat>
      <rwy>12</rwy>
      <hdg-deg>130.50</hdg-deg>
      <displ-m>0.0</displ-m>
      <stopw-m>0.0</stopw-m>
    </threshold>
    <threshold>
      <lon>166.92641307</lon>
      <lat>-0.55379464</lat>
      <rwy>30</rwy>
      <hdg-deg>310.50</hdg-deg>
      <displ-m>0.0</displ-m>
      <stopw-m>0.0</stopw-m>
    </threshold>
  </runway>
</PropertyList>
