<?xml version='1.0' encoding='ISO-8859-1'?>
<PropertyList>
  <runway>
    <threshold>
      <lon>-104.416111</lon>
      <lat>38.874442</lat>
      <rwy>08</rwy>
      <hdg-deg>90.00</hdg-deg>
      <displ-m>0.0</displ-m>
      <stopw-m>0.0</stopw-m>
    </threshold>
    <threshold>
      <lon>-104.403889</lon>
      <lat>38.874442</lat>
      <rwy>26</rwy>
      <hdg-deg>270.00</hdg-deg>
      <displ-m>0.0</displ-m>
      <stopw-m>0.0</stopw-m>
    </threshold>
  </runway>
  <runway>
    <threshold>
      <lon>-104.41008299</lon>
      <lat>38.88061001</lat>
      <rwy>17L</rwy>
      <hdg-deg>179.14</hdg-deg>
      <displ-m>0.0</displ-m>
      <stopw-m>0.0</stopw-m>
    </threshold>
    <threshold>
      <lon>-104.40984501</lon>
      <lat>38.86826799</lat>
      <rwy>35R</rwy>
      <hdg-deg>359.14</hdg-deg>
      <displ-m>0.0</displ-m>
      <stopw-m>0.0</stopw-m>
    </threshold>
  </runway>
  <runway>
    <threshold>
      <lon>-104.41</lon>
      <lat>38.880561</lat>
      <rwy>17R</rwy>
      <hdg-deg>180.00</hdg-deg>
      <displ-m>0.0</displ-m>
      <stopw-m>76.0</stopw-m>
    </threshold>
    <threshold>
      <lon>-104.41</lon>
      <lat>38.868464</lat>
      <rwy>35L</rwy>
      <hdg-deg>0.00</hdg-deg>
      <displ-m>0.0</displ-m>
      <stopw-m>61.0</stopw-m>
    </threshold>
  </runway>
</PropertyList>
