<?xml version='1.0' encoding='ISO-8859-1'?>
<PropertyList>
  <runway>
    <threshold>
      <lon>-87.60853065</lon>
      <lat>30.55859276</lat>
      <rwy>09</rwy>
      <hdg-deg>91.00</hdg-deg>
      <displ-m>0.0</displ-m>
      <stopw-m>0.0</stopw-m>
    </threshold>
    <threshold>
      <lon>-87.59977213</lon>
      <lat>30.55846112</lat>
      <rwy>27</rwy>
      <hdg-deg>271.00</hdg-deg>
      <displ-m>0.0</displ-m>
      <stopw-m>0.0</stopw-m>
    </threshold>
  </runway>
</PropertyList>
