<?xml version='1.0' encoding='ISO-8859-1'?>
<PropertyList>
  <runway>
    <threshold>
      <lon>-87.47291198</lon>
      <lat>30.42661826</lat>
      <rwy>09</rwy>
      <hdg-deg>91.00</hdg-deg>
      <displ-m>0.0</displ-m>
      <stopw-m>0.0</stopw-m>
    </threshold>
    <threshold>
      <lon>-87.46871358</lon>
      <lat>30.42655506</lat>
      <rwy>27</rwy>
      <hdg-deg>271.00</hdg-deg>
      <displ-m>0.0</displ-m>
      <stopw-m>0.0</stopw-m>
    </threshold>
  </runway>
</PropertyList>
