<?xml version='1.0' encoding='ISO-8859-1'?>
<PropertyList>
  <runway>
    <threshold>
      <lon>-85.37031448</lon>
      <lat>32.71763663</lat>
      <rwy>07</rwy>
      <hdg-deg>69.00</hdg-deg>
      <displ-m>0.0</displ-m>
      <stopw-m>0.0</stopw-m>
    </threshold>
    <threshold>
      <lon>-85.36346608</lon>
      <lat>32.71984837</lat>
      <rwy>25</rwy>
      <hdg-deg>249.00</hdg-deg>
      <displ-m>0.0</displ-m>
      <stopw-m>0.0</stopw-m>
    </threshold>
  </runway>
</PropertyList>
