<?xml version='1.0' encoding='ISO-8859-1'?>
<PropertyList>
  <runway>
    <threshold>
      <lon>-131.09536202</lon>
      <lat>56.67106713</lat>
      <rwy>03</rwy>
      <hdg-deg>51.99</hdg-deg>
      <displ-m>0.0</displ-m>
      <stopw-m>0.0</stopw-m>
    </threshold>
    <threshold>
      <lon>-131.07568998</lon>
      <lat>56.67951087</lat>
      <rwy>21</rwy>
      <hdg-deg>232.01</hdg-deg>
      <displ-m>0.0</displ-m>
      <stopw-m>0.0</stopw-m>
    </threshold>
  </runway>
</PropertyList>
