<?xml version='1.0' encoding='ISO-8859-1'?>
<PropertyList>
  <runway>
    <threshold>
      <lon>145.90078498</lon>
      <lat>-6.33763051</lat>
      <rwy>14</rwy>
      <hdg-deg>140.00</hdg-deg>
      <displ-m>0.0</displ-m>
      <stopw-m>0.0</stopw-m>
    </threshold>
    <threshold>
      <lon>145.90788102</lon>
      <lat>-6.34603549</lat>
      <rwy>32</rwy>
      <hdg-deg>320.00</hdg-deg>
      <displ-m>0.0</displ-m>
      <stopw-m>0.0</stopw-m>
    </threshold>
  </runway>
</PropertyList>
