<?xml version='1.0' encoding='ISO-8859-1'?>
<PropertyList>
  <runway>
    <threshold>
      <lon>-92.63546374</lon>
      <lat>34.98841773</lat>
      <rwy>14</rwy>
      <hdg-deg>144.00</hdg-deg>
      <displ-m>0.0</displ-m>
      <stopw-m>0.0</stopw-m>
    </threshold>
    <threshold>
      <lon>-92.63152794</lon>
      <lat>34.98397949</lat>
      <rwy>32</rwy>
      <hdg-deg>324.00</hdg-deg>
      <displ-m>0.0</displ-m>
      <stopw-m>0.0</stopw-m>
    </threshold>
  </runway>
</PropertyList>
