<?xml version='1.0' encoding='ISO-8859-1'?>
<PropertyList>
  <runway>
    <threshold>
      <lon>-93.73113878</lon>
      <lat>33.35200186</lat>
      <rwy>18</rwy>
      <hdg-deg>185.00</hdg-deg>
      <displ-m>0.0</displ-m>
      <stopw-m>0.0</stopw-m>
    </threshold>
    <threshold>
      <lon>-93.73199734</lon>
      <lat>33.34380424</lat>
      <rwy>36</rwy>
      <hdg-deg>5.00</hdg-deg>
      <displ-m>0.0</displ-m>
      <stopw-m>0.0</stopw-m>
    </threshold>
  </runway>
</PropertyList>
