<?xml version='1.0' encoding='ISO-8859-1'?>
<PropertyList>
  <runway>
    <threshold>
      <lon>-90.91497346</lon>
      <lat>34.98677325</lat>
      <rwy>18</rwy>
      <hdg-deg>182.00</hdg-deg>
      <displ-m>0.0</displ-m>
      <stopw-m>0.0</stopw-m>
    </threshold>
    <threshold>
      <lon>-90.91525878</lon>
      <lat>34.98007897</lat>
      <rwy>36</rwy>
      <hdg-deg>2.00</hdg-deg>
      <displ-m>0.0</displ-m>
      <stopw-m>0.0</stopw-m>
    </threshold>
  </runway>
</PropertyList>
