<?xml version='1.0' encoding='ISO-8859-1'?>
<PropertyList>
  <runway>
    <threshold>
      <lon>-90.84420292</lon>
      <lat>34.7711014</lat>
      <rwy>08</rwy>
      <hdg-deg>83.00</hdg-deg>
      <displ-m>0.0</displ-m>
      <stopw-m>0.0</stopw-m>
    </threshold>
    <threshold>
      <lon>-90.83657986</lon>
      <lat>34.77187026</lat>
      <rwy>26</rwy>
      <hdg-deg>263.00</hdg-deg>
      <displ-m>0.0</displ-m>
      <stopw-m>0.0</stopw-m>
    </threshold>
  </runway>
</PropertyList>
