<?xml version='1.0' encoding='ISO-8859-1'?>
<PropertyList>
  <runway>
    <threshold>
      <lon>-93.75279254</lon>
      <lat>35.21088036</lat>
      <rwy>01</rwy>
      <hdg-deg>15.00</hdg-deg>
      <displ-m>0.0</displ-m>
      <stopw-m>0.0</stopw-m>
    </threshold>
    <threshold>
      <lon>-93.75148914</lon>
      <lat>35.21485464</lat>
      <rwy>19</rwy>
      <hdg-deg>195.00</hdg-deg>
      <displ-m>0.0</displ-m>
      <stopw-m>0.0</stopw-m>
    </threshold>
  </runway>
</PropertyList>
