<?xml version='1.0' encoding='ISO-8859-1'?>
<PropertyList>
  <runway>
    <threshold>
      <lon>-86.42109968</lon>
      <lat>34.65120083</lat>
      <rwy>09</rwy>
      <hdg-deg>90.00</hdg-deg>
      <displ-m>0.0</displ-m>
      <stopw-m>0.0</stopw-m>
    </threshold>
    <threshold>
      <lon>-86.41276366</lon>
      <lat>34.65120083</lat>
      <rwy>27</rwy>
      <hdg-deg>270.00</hdg-deg>
      <displ-m>0.0</displ-m>
      <stopw-m>0.0</stopw-m>
    </threshold>
  </runway>
</PropertyList>
