<?xml version='1.0' encoding='ISO-8859-1'?>
<PropertyList>
  <runway>
    <threshold>
      <lon>-86.51574214</lon>
      <lat>33.23792261</lat>
      <rwy>15</rwy>
      <hdg-deg>150.00</hdg-deg>
      <displ-m>0.0</displ-m>
      <stopw-m>0.0</stopw-m>
    </threshold>
    <threshold>
      <lon>-86.5103312</lon>
      <lat>33.23008349</lat>
      <rwy>33</rwy>
      <hdg-deg>330.00</hdg-deg>
      <displ-m>0.0</displ-m>
      <stopw-m>0.0</stopw-m>
    </threshold>
  </runway>
</PropertyList>
