<?xml version='1.0' encoding='ISO-8859-1'?>
<PropertyList>
  <runway>
    <threshold>
      <lon>-86.86945075</lon>
      <lat>33.67758116</lat>
      <rwy>13</rwy>
      <hdg-deg>130.00</hdg-deg>
      <displ-m>0.0</displ-m>
      <stopw-m>0.0</stopw-m>
    </threshold>
    <threshold>
      <lon>-86.86553703</lon>
      <lat>33.67484828</lat>
      <rwy>31</rwy>
      <hdg-deg>310.00</hdg-deg>
      <displ-m>0.0</displ-m>
      <stopw-m>0.0</stopw-m>
    </threshold>
  </runway>
</PropertyList>
