<?xml version='1.0' encoding='ISO-8859-1'?>
<PropertyList>
  <runway>
    <threshold>
      <lon>-124.018611</lon>
      <lat>54.035558</lat>
      <rwy>02</rwy>
      <hdg-deg>41.63</hdg-deg>
      <displ-m>0.0</displ-m>
      <stopw-m>0.0</stopw-m>
    </threshold>
    <threshold>
      <lon>-124.002517</lon>
      <lat>54.046189</lat>
      <rwy>20</rwy>
      <hdg-deg>221.64</hdg-deg>
      <displ-m>0.0</displ-m>
      <stopw-m>0.0</stopw-m>
    </threshold>
  </runway>
  <runway>
    <threshold>
      <lon>-124.023889</lon>
      <lat>54.045278</lat>
      <rwy>07</rwy>
      <hdg-deg>84.15</hdg-deg>
      <displ-m>0.0</displ-m>
      <stopw-m>76.0</stopw-m>
    </threshold>
    <threshold>
      <lon>-124.000831</lon>
      <lat>54.046664</lat>
      <rwy>25</rwy>
      <hdg-deg>264.16</hdg-deg>
      <displ-m>61.0</displ-m>
      <stopw-m>0.0</stopw-m>
    </threshold>
  </runway>
  <runway>
    <threshold>
      <lon>-124.021389</lon>
      <lat>54.045278</lat>
      <rwy>15</rwy>
      <hdg-deg>171.73</hdg-deg>
      <displ-m>30.0</displ-m>
      <stopw-m>0.0</stopw-m>
    </threshold>
    <threshold>
      <lon>-124.019242</lon>
      <lat>54.036606</lat>
      <rwy>33</rwy>
      <hdg-deg>351.73</hdg-deg>
      <displ-m>0.0</displ-m>
      <stopw-m>0.0</stopw-m>
    </threshold>
  </runway>
</PropertyList>
