<?xml version='1.0' encoding='ISO-8859-1'?>
<PropertyList>
  <runway>
    <threshold>
      <lon>123.77014198</lon>
      <lat>-32.43675854</lat>
      <rwy>12</rwy>
      <hdg-deg>121.81</hdg-deg>
      <displ-m>0.0</displ-m>
      <stopw-m>0.0</stopw-m>
    </threshold>
    <threshold>
      <lon>123.78109583</lon>
      <lat>-32.44249106</lat>
      <rwy>30</rwy>
      <hdg-deg>301.80</hdg-deg>
      <displ-m>0.0</displ-m>
      <stopw-m>0.0</stopw-m>
    </threshold>
  </runway>
</PropertyList>
