<?xml version='1.0' encoding='ISO-8859-1'?>
<PropertyList>
  <runway>
    <threshold>
      <lon>123.85130059</lon>
      <lat>-32.468576</lat>
      <rwy>08</rwy>
      <hdg-deg>266.50</hdg-deg>
      <displ-m>0.0</displ-m>
      <stopw-m>0.0</stopw-m>
    </threshold>
    <threshold>
      <lon>123.83925141</lon>
      <lat>-32.46919788</lat>
      <rwy>26</rwy>
      <hdg-deg>86.50</hdg-deg>
      <displ-m>0.0</displ-m>
      <stopw-m>0.0</stopw-m>
    </threshold>
  </runway>
</PropertyList>
