<?xml version='1.0' encoding='ISO-8859-1'?>
<PropertyList>
  <runway>
    <threshold>
      <lon>116.15253016</lon>
      <lat>-26.07122581</lat>
      <rwy>08</rwy>
      <hdg-deg>80.00</hdg-deg>
      <displ-m>0.0</displ-m>
      <stopw-m>0.0</stopw-m>
    </threshold>
    <threshold>
      <lon>116.15921984</lon>
      <lat>-26.07016626</lat>
      <rwy>26</rwy>
      <hdg-deg>260.00</hdg-deg>
      <displ-m>0.0</displ-m>
      <stopw-m>0.0</stopw-m>
    </threshold>
  </runway>
  <runway>
    <threshold>
      <lon>116.15082444</lon>
      <lat>-26.06548708</lat>
      <rwy>17</rwy>
      <hdg-deg>164.76</hdg-deg>
      <displ-m>0.0</displ-m>
      <stopw-m>0.0</stopw-m>
    </threshold>
    <threshold>
      <lon>116.153845</lon>
      <lat>-26.075443</lat>
      <rwy>35</rwy>
      <hdg-deg>344.76</hdg-deg>
      <displ-m>0.0</displ-m>
      <stopw-m>0.0</stopw-m>
    </threshold>
  </runway>
</PropertyList>
