<?xml version='1.0' encoding='ISO-8859-1'?>
<PropertyList>
  <runway>
    <threshold>
      <lon>126.11826154</lon>
      <lat>-17.52342004</lat>
      <rwy>07</rwy>
      <hdg-deg>71.90</hdg-deg>
      <displ-m>0.0</displ-m>
      <stopw-m>0.0</stopw-m>
    </threshold>
    <threshold>
      <lon>126.12803941</lon>
      <lat>-17.52037243</lat>
      <rwy>25</rwy>
      <hdg-deg>251.90</hdg-deg>
      <displ-m>0.0</displ-m>
      <stopw-m>0.0</stopw-m>
    </threshold>
  </runway>
</PropertyList>
