<?xml version='1.0' encoding='ISO-8859-1'?>
<PropertyList>
  <runway>
    <threshold>
      <lon>117.86183412</lon>
      <lat>-32.93925572</lat>
      <rwy>12</rwy>
      <hdg-deg>128.08</hdg-deg>
      <displ-m>0.0</displ-m>
      <stopw-m>0.0</stopw-m>
    </threshold>
    <threshold>
      <lon>117.87160052</lon>
      <lat>-32.9456763</lat>
      <rwy>30</rwy>
      <hdg-deg>308.07</hdg-deg>
      <displ-m>0.0</displ-m>
      <stopw-m>0.0</stopw-m>
    </threshold>
  </runway>
  <runway>
    <threshold>
      <lon>117.86867886</lon>
      <lat>-32.93719698</lat>
      <rwy>21</rwy>
      <hdg-deg>218.48</hdg-deg>
      <displ-m>0.0</displ-m>
      <stopw-m>0.0</stopw-m>
    </threshold>
    <threshold>
      <lon>117.86267436</lon>
      <lat>-32.94353644</lat>
      <rwy>3</rwy>
      <hdg-deg>38.48</hdg-deg>
      <displ-m>0.0</displ-m>
      <stopw-m>0.0</stopw-m>
    </threshold>
  </runway>
</PropertyList>
