<?xml version='1.0' encoding='ISO-8859-1'?>
<PropertyList>
  <runway>
    <threshold>
      <lon>119.7660378</lon>
      <lat>-33.08572211</lat>
      <rwy>1</rwy>
      <hdg-deg>0.26</hdg-deg>
      <displ-m>0.0</displ-m>
      <stopw-m>0.0</stopw-m>
    </threshold>
    <threshold>
      <lon>119.76610353</lon>
      <lat>-33.07377373</lat>
      <rwy>19</rwy>
      <hdg-deg>180.26</hdg-deg>
      <displ-m>0.0</displ-m>
      <stopw-m>0.0</stopw-m>
    </threshold>
  </runway>
  <runway>
    <threshold>
      <lon>119.76614823</lon>
      <lat>-33.07907923</lat>
      <rwy>12</rwy>
      <hdg-deg>122.75</hdg-deg>
      <displ-m>0.0</displ-m>
      <stopw-m>0.0</stopw-m>
    </threshold>
    <threshold>
      <lon>119.77656086</lon>
      <lat>-33.08469014</lat>
      <rwy>30</rwy>
      <hdg-deg>302.74</hdg-deg>
      <displ-m>0.0</displ-m>
      <stopw-m>0.0</stopw-m>
    </threshold>
  </runway>
</PropertyList>
