<?xml version='1.0' encoding='ISO-8859-1'?>
<PropertyList>
  <runway>
    <threshold>
      <lon>149.32399827</lon>
      <lat>-22.98836895</lat>
      <rwy>21</rwy>
      <hdg-deg>218.41</hdg-deg>
      <displ-m>0.0</displ-m>
      <stopw-m>0.0</stopw-m>
    </threshold>
    <threshold>
      <lon>149.31748346</lon>
      <lat>-22.9959315</lat>
      <rwy>3</rwy>
      <hdg-deg>38.42</hdg-deg>
      <displ-m>0.0</displ-m>
      <stopw-m>0.0</stopw-m>
    </threshold>
  </runway>
</PropertyList>
