<?xml version='1.0' encoding='ISO-8859-1'?>
<PropertyList>
  <runway>
    <threshold>
      <lon>148.67448427</lon>
      <lat>-20.62342599</lat>
      <rwy>12</rwy>
      <hdg-deg>125.04</hdg-deg>
      <displ-m>0.0</displ-m>
      <stopw-m>0.0</stopw-m>
    </threshold>
    <threshold>
      <lon>148.68059389</lon>
      <lat>-20.62743548</lat>
      <rwy>30</rwy>
      <hdg-deg>305.04</hdg-deg>
      <displ-m>0.0</displ-m>
      <stopw-m>0.0</stopw-m>
    </threshold>
  </runway>
</PropertyList>
