<?xml version='1.0' encoding='ISO-8859-1'?>
<PropertyList>
  <runway>
    <threshold>
      <lon>146.76821219</lon>
      <lat>-37.89061673</lat>
      <rwy>11</rwy>
      <hdg-deg>113.90</hdg-deg>
      <displ-m>0.0</displ-m>
      <stopw-m>0.0</stopw-m>
    </threshold>
    <threshold>
      <lon>146.77622062</lon>
      <lat>-37.89341761</lat>
      <rwy>29</rwy>
      <hdg-deg>293.90</hdg-deg>
      <displ-m>0.0</displ-m>
      <stopw-m>0.0</stopw-m>
    </threshold>
  </runway>
</PropertyList>
