<?xml version='1.0' encoding='ISO-8859-1'?>
<PropertyList>
  <runway>
    <threshold>
      <lon>151.79239858</lon>
      <lat>-27.480251</lat>
      <rwy>10</rwy>
      <hdg-deg>108.00</hdg-deg>
      <displ-m>0.0</displ-m>
      <stopw-m>0.0</stopw-m>
    </threshold>
    <threshold>
      <lon>151.80062851</lon>
      <lat>-27.48262332</lat>
      <rwy>28</rwy>
      <hdg-deg>288.00</hdg-deg>
      <displ-m>0.0</displ-m>
      <stopw-m>0.0</stopw-m>
    </threshold>
  </runway>
  <runway>
    <threshold>
      <lon>151.79253484</lon>
      <lat>-27.48098197</lat>
      <rwy>17</rwy>
      <hdg-deg>179.37</hdg-deg>
      <displ-m>0.0</displ-m>
      <stopw-m>0.0</stopw-m>
    </threshold>
    <threshold>
      <lon>151.792612</lon>
      <lat>-27.487243</lat>
      <rwy>35</rwy>
      <hdg-deg>359.37</hdg-deg>
      <displ-m>0.0</displ-m>
      <stopw-m>0.0</stopw-m>
    </threshold>
  </runway>
</PropertyList>
