<?xml version='1.0' encoding='ISO-8859-1'?>
<PropertyList>
  <runway>
    <threshold>
      <lon>139.11174251</lon>
      <lat>-35.17756344</lat>
      <rwy>10</rwy>
      <hdg-deg>100.40</hdg-deg>
      <displ-m>0.0</displ-m>
      <stopw-m>0.0</stopw-m>
    </threshold>
    <threshold>
      <lon>139.12175989</lon>
      <lat>-35.17906548</lat>
      <rwy>28</rwy>
      <hdg-deg>280.39</hdg-deg>
      <displ-m>0.0</displ-m>
      <stopw-m>0.0</stopw-m>
    </threshold>
  </runway>
</PropertyList>
