<?xml version='1.0' encoding='ISO-8859-1'?>
<PropertyList>
  <runway>
    <threshold>
      <lon>138.10077334</lon>
      <lat>-33.88199451</lat>
      <rwy>15</rwy>
      <hdg-deg>153.32</hdg-deg>
      <displ-m>0.0</displ-m>
      <stopw-m>0.0</stopw-m>
    </threshold>
    <threshold>
      <lon>138.10759696</lon>
      <lat>-33.89326551</lat>
      <rwy>33</rwy>
      <hdg-deg>333.32</hdg-deg>
      <displ-m>0.0</displ-m>
      <stopw-m>0.0</stopw-m>
    </threshold>
  </runway>
  <runway>
    <threshold>
      <lon>138.09965674</lon>
      <lat>-33.8918497</lat>
      <rwy>2</rwy>
      <hdg-deg>29.08</hdg-deg>
      <displ-m>0.0</displ-m>
      <stopw-m>0.0</stopw-m>
    </threshold>
    <threshold>
      <lon>138.106518</lon>
      <lat>-33.881607</lat>
      <rwy>20</rwy>
      <hdg-deg>209.08</hdg-deg>
      <displ-m>0.0</displ-m>
      <stopw-m>0.0</stopw-m>
    </threshold>
  </runway>
</PropertyList>
