<?xml version='1.0' encoding='ISO-8859-1'?>
<PropertyList>
  <runway>
    <threshold>
      <lon>118.18284264</lon>
      <lat>-26.86411801</lat>
      <rwy>01</rwy>
      <hdg-deg>5.54</hdg-deg>
      <displ-m>0.0</displ-m>
      <stopw-m>0.0</stopw-m>
    </threshold>
    <threshold>
      <lon>118.18380485</lon>
      <lat>-26.85527095</lat>
      <rwy>19</rwy>
      <hdg-deg>185.54</hdg-deg>
      <displ-m>0.0</displ-m>
      <stopw-m>0.0</stopw-m>
    </threshold>
  </runway>
  <runway>
    <threshold>
      <lon>118.17788778</lon>
      <lat>-26.86225789</lat>
      <rwy>08</rwy>
      <hdg-deg>78.97</hdg-deg>
      <displ-m>0.0</displ-m>
      <stopw-m>0.0</stopw-m>
    </threshold>
    <threshold>
      <lon>118.18781774</lon>
      <lat>-26.86053039</lat>
      <rwy>26</rwy>
      <hdg-deg>258.96</hdg-deg>
      <displ-m>0.0</displ-m>
      <stopw-m>0.0</stopw-m>
    </threshold>
  </runway>
  <runway>
    <threshold>
      <lon>118.17953849</lon>
      <lat>-26.85871458</lat>
      <rwy>13</rwy>
      <hdg-deg>130.16</hdg-deg>
      <displ-m>0.0</displ-m>
      <stopw-m>0.0</stopw-m>
    </threshold>
    <threshold>
      <lon>118.18680966</lon>
      <lat>-26.8641889</lat>
      <rwy>31</rwy>
      <hdg-deg>310.16</hdg-deg>
      <displ-m>0.0</displ-m>
      <stopw-m>0.0</stopw-m>
    </threshold>
  </runway>
</PropertyList>
