<?xml version='1.0' encoding='ISO-8859-1'?>
<PropertyList>
  <runway>
    <threshold>
      <lon>148.64070841</lon>
      <lat>-20.58396113</lat>
      <rwy>11</rwy>
      <hdg-deg>110.09</hdg-deg>
      <displ-m>0.0</displ-m>
      <stopw-m>0.0</stopw-m>
    </threshold>
    <threshold>
      <lon>148.66752078</lon>
      <lat>-20.59313891</lat>
      <rwy>29</rwy>
      <hdg-deg>290.08</hdg-deg>
      <displ-m>0.0</displ-m>
      <stopw-m>0.0</stopw-m>
    </threshold>
  </runway>
</PropertyList>
