<?xml version='1.0' encoding='ISO-8859-1'?>
<PropertyList>
  <runway>
    <threshold>
      <lon>128.57318963</lon>
      <lat>-16.62180948</lat>
      <rwy>26</rwy>
      <hdg-deg>260.11</hdg-deg>
      <displ-m>0.0</displ-m>
      <stopw-m>0.0</stopw-m>
    </threshold>
    <threshold>
      <lon>128.56042322</lon>
      <lat>-16.62394129</lat>
      <rwy>8</rwy>
      <hdg-deg>80.12</hdg-deg>
      <displ-m>0.0</displ-m>
      <stopw-m>0.0</stopw-m>
    </threshold>
  </runway>
</PropertyList>
