<?xml version='1.0' encoding='ISO-8859-1'?>
<PropertyList>
  <runway>
    <threshold>
      <lon>131.64500569</lon>
      <lat>-29.9585136</lat>
      <rwy>12</rwy>
      <hdg-deg>127.50</hdg-deg>
      <displ-m>0.0</displ-m>
      <stopw-m>0.0</stopw-m>
    </threshold>
    <threshold>
      <lon>131.65521686</lon>
      <lat>-29.96530177</lat>
      <rwy>30</rwy>
      <hdg-deg>307.50</hdg-deg>
      <displ-m>0.0</displ-m>
      <stopw-m>0.0</stopw-m>
    </threshold>
  </runway>
</PropertyList>
