<?xml version='1.0' encoding='ISO-8859-1'?>
<PropertyList>
  <runway>
    <threshold>
      <lon>136.53105163</lon>
      <lat>-30.92322968</lat>
      <rwy>09</rwy>
      <hdg-deg>124.86</hdg-deg>
      <displ-m>0.0</displ-m>
      <stopw-m>0.0</stopw-m>
    </threshold>
    <threshold>
      <lon>136.548467</lon>
      <lat>-30.933635</lat>
      <rwy>27</rwy>
      <hdg-deg>304.85</hdg-deg>
      <displ-m>0.0</displ-m>
      <stopw-m>0.0</stopw-m>
    </threshold>
  </runway>
  <runway>
    <threshold>
      <lon>136.54418343</lon>
      <lat>-30.91706043</lat>
      <rwy>17</rwy>
      <hdg-deg>177.79</hdg-deg>
      <displ-m>0.0</displ-m>
      <stopw-m>0.0</stopw-m>
    </threshold>
    <threshold>
      <lon>136.54500565</lon>
      <lat>-30.93531266</lat>
      <rwy>35</rwy>
      <hdg-deg>357.79</hdg-deg>
      <displ-m>0.0</displ-m>
      <stopw-m>0.0</stopw-m>
    </threshold>
  </runway>
</PropertyList>
