<?xml version='1.0' encoding='ISO-8859-1'?>
<PropertyList>
  <runway>
    <threshold>
      <lon>-92.00761623</lon>
      <lat>35.91973282</lat>
      <rwy>05</rwy>
      <hdg-deg>54.00</hdg-deg>
      <displ-m>0.0</displ-m>
      <stopw-m>0.0</stopw-m>
    </threshold>
    <threshold>
      <lon>-92.00268379</lon>
      <lat>35.92263494</lat>
      <rwy>23</rwy>
      <hdg-deg>234.00</hdg-deg>
      <displ-m>0.0</displ-m>
      <stopw-m>0.0</stopw-m>
    </threshold>
  </runway>
  <runway>
    <threshold>
      <lon>-92.00819434</lon>
      <lat>35.91998144</lat>
      <rwy>06</rwy>
      <hdg-deg>64.00</hdg-deg>
      <displ-m>0.0</displ-m>
      <stopw-m>0.0</stopw-m>
    </threshold>
    <threshold>
      <lon>-92.00210568</lon>
      <lat>35.92238632</lat>
      <rwy>24</rwy>
      <hdg-deg>244.00</hdg-deg>
      <displ-m>0.0</displ-m>
      <stopw-m>0.0</stopw-m>
    </threshold>
  </runway>
</PropertyList>
