<?xml version='1.0' encoding='ISO-8859-1'?>
<PropertyList>
  <runway>
    <threshold>
      <lon>-86.40886533</lon>
      <lat>33.30885203</lat>
      <rwy>11</rwy>
      <hdg-deg>109.00</hdg-deg>
      <displ-m>0.0</displ-m>
      <stopw-m>0.0</stopw-m>
    </threshold>
    <threshold>
      <lon>-86.39831413</lon>
      <lat>33.30581573</lat>
      <rwy>29</rwy>
      <hdg-deg>289.00</hdg-deg>
      <displ-m>0.0</displ-m>
      <stopw-m>0.0</stopw-m>
    </threshold>
  </runway>
</PropertyList>
