<?xml version='1.0' encoding='ISO-8859-1'?>
<PropertyList>
  <runway>
    <threshold>
      <lon>-86.71006927</lon>
      <lat>34.88900297</lat>
      <rwy>18</rwy>
      <hdg-deg>179.00</hdg-deg>
      <displ-m>0.0</displ-m>
      <stopw-m>0.0</stopw-m>
    </threshold>
    <threshold>
      <lon>-86.70992629</lon>
      <lat>34.88228369</lat>
      <rwy>36</rwy>
      <hdg-deg>359.00</hdg-deg>
      <displ-m>0.0</displ-m>
      <stopw-m>0.0</stopw-m>
    </threshold>
  </runway>
</PropertyList>
