<?xml version='1.0' encoding='ISO-8859-1'?>
<PropertyList>
  <runway>
    <threshold>
      <lon>-85.16779821</lon>
      <lat>31.4262804</lat>
      <rwy>16</rwy>
      <hdg-deg>159.00</hdg-deg>
      <displ-m>0.0</displ-m>
      <stopw-m>0.0</stopw-m>
    </threshold>
    <threshold>
      <lon>-85.16664625</lon>
      <lat>31.4237196</lat>
      <rwy>34</rwy>
      <hdg-deg>339.00</hdg-deg>
      <displ-m>0.0</displ-m>
      <stopw-m>0.0</stopw-m>
    </threshold>
  </runway>
</PropertyList>
