<?xml version='1.0' encoding='ISO-8859-1'?>
<PropertyList>
  <runway>
    <threshold>
      <lon>-123.72161766</lon>
      <lat>49.45845847</lat>
      <rwy>11</rwy>
      <hdg-deg>131.00</hdg-deg>
      <displ-m>0.0</displ-m>
      <stopw-m>0.0</stopw-m>
    </threshold>
    <threshold>
      <lon>-123.71397434</lon>
      <lat>49.45413953</lat>
      <rwy>29</rwy>
      <hdg-deg>311.00</hdg-deg>
      <displ-m>0.0</displ-m>
      <stopw-m>0.0</stopw-m>
    </threshold>
  </runway>
</PropertyList>
