<?xml version='1.0' encoding='ISO-8859-1'?>
<PropertyList>
  <runway>
    <threshold>
      <lon>-91.25508094</lon>
      <lat>33.10531826</lat>
      <rwy>05</rwy>
      <hdg-deg>53.00</hdg-deg>
      <displ-m>0.0</displ-m>
      <stopw-m>0.0</stopw-m>
    </threshold>
    <threshold>
      <lon>-91.24514296</lon>
      <lat>33.11159118</lat>
      <rwy>23</rwy>
      <hdg-deg>233.00</hdg-deg>
      <displ-m>0.0</displ-m>
      <stopw-m>0.0</stopw-m>
    </threshold>
  </runway>
</PropertyList>
