<?xml version='1.0' encoding='ISO-8859-1'?>
<PropertyList>
  <runway>
    <threshold>
      <lon>-148.98962073</lon>
      <lat>61.3435592</lat>
      <rwy>14</rwy>
      <hdg-deg>165.00</hdg-deg>
      <displ-m>0.0</displ-m>
      <stopw-m>0.0</stopw-m>
    </threshold>
    <threshold>
      <lon>-148.98814039</lon>
      <lat>61.34090968</lat>
      <rwy>32</rwy>
      <hdg-deg>345.00</hdg-deg>
      <displ-m>0.0</displ-m>
      <stopw-m>0.0</stopw-m>
    </threshold>
  </runway>
</PropertyList>
