<?xml version='1.0' encoding='ISO-8859-1'?>
<PropertyList>
  <runway>
    <threshold>
      <lon>-81.53799955</lon>
      <lat>32.98308949</lat>
      <rwy>17</rwy>
      <hdg-deg>166.00</hdg-deg>
      <displ-m>0.0</displ-m>
      <stopw-m>0.0</stopw-m>
    </threshold>
    <threshold>
      <lon>-81.53443991</lon>
      <lat>32.97111273</lat>
      <rwy>35</rwy>
      <hdg-deg>346.00</hdg-deg>
      <displ-m>0.0</displ-m>
      <stopw-m>0.0</stopw-m>
    </threshold>
  </runway>
</PropertyList>
