<?xml version='1.0' encoding='ISO-8859-1'?>
<PropertyList>
  <runway>
    <threshold>
      <lon>115.88013505</lon>
      <lat>-32.67198765</lat>
      <rwy>01</rwy>
      <hdg-deg>13.57</hdg-deg>
      <displ-m>0.0</displ-m>
      <stopw-m>0.0</stopw-m>
    </threshold>
    <threshold>
      <lon>115.88312337</lon>
      <lat>-32.66156538</lat>
      <rwy>19</rwy>
      <hdg-deg>193.57</hdg-deg>
      <displ-m>0.0</displ-m>
      <stopw-m>0.0</stopw-m>
    </threshold>
  </runway>
</PropertyList>
