<?xml version='1.0' encoding='ISO-8859-1'?>
<PropertyList>
  <runway>
    <threshold>
      <lon>115.69918546</lon>
      <lat>-33.02021078</lat>
      <rwy>08</rwy>
      <hdg-deg>82.55</hdg-deg>
      <displ-m>0.0</displ-m>
      <stopw-m>0.0</stopw-m>
    </threshold>
    <threshold>
      <lon>115.70475853</lon>
      <lat>-33.01959973</lat>
      <rwy>26</rwy>
      <hdg-deg>262.55</hdg-deg>
      <displ-m>0.0</displ-m>
      <stopw-m>0.0</stopw-m>
    </threshold>
  </runway>
  <runway>
    <threshold>
      <lon>115.70098556</lon>
      <lat>-33.01805536</lat>
      <rwy>16</rwy>
      <hdg-deg>165.70</hdg-deg>
      <displ-m>0.0</displ-m>
      <stopw-m>0.0</stopw-m>
    </threshold>
    <threshold>
      <lon>115.70333581</lon>
      <lat>-33.02578831</lat>
      <rwy>34</rwy>
      <hdg-deg>345.70</hdg-deg>
      <displ-m>0.0</displ-m>
      <stopw-m>0.0</stopw-m>
    </threshold>
  </runway>
</PropertyList>
