<?xml version='1.0' encoding='ISO-8859-1'?>
<PropertyList>
  <runway>
    <threshold>
      <lon>119.35698947</lon>
      <lat>-21.50384639</lat>
      <rwy>13</rwy>
      <hdg-deg>137.70</hdg-deg>
      <displ-m>0.0</displ-m>
      <stopw-m>0.0</stopw-m>
    </threshold>
    <threshold>
      <lon>119.36811153</lon>
      <lat>-21.51521629</lat>
      <rwy>31</rwy>
      <hdg-deg>317.69</hdg-deg>
      <displ-m>0.0</displ-m>
      <stopw-m>0.0</stopw-m>
    </threshold>
  </runway>
</PropertyList>
