<?xml version='1.0' encoding='ISO-8859-1'?>
<PropertyList>
  <runway>
    <threshold>
      <lon>127.66453729</lon>
      <lat>-17.78791497</lat>
      <rwy>07</rwy>
      <hdg-deg>79.51</hdg-deg>
      <displ-m>0.0</displ-m>
      <stopw-m>0.0</stopw-m>
    </threshold>
    <threshold>
      <lon>127.67557198</lon>
      <lat>-17.78596947</lat>
      <rwy>25</rwy>
      <hdg-deg>259.51</hdg-deg>
      <displ-m>0.0</displ-m>
      <stopw-m>0.0</stopw-m>
    </threshold>
  </runway>
</PropertyList>
