<?xml version='1.0' encoding='ISO-8859-1'?>
<PropertyList>
  <runway>
    <threshold>
      <lon>118.18276281</lon>
      <lat>-34.31054763</lat>
      <rwy>12</rwy>
      <hdg-deg>120.51</hdg-deg>
      <displ-m>0.0</displ-m>
      <stopw-m>0.0</stopw-m>
    </threshold>
    <threshold>
      <lon>118.18893791</lon>
      <lat>-34.31355326</lat>
      <rwy>30</rwy>
      <hdg-deg>300.51</hdg-deg>
      <displ-m>0.0</displ-m>
      <stopw-m>0.0</stopw-m>
    </threshold>
  </runway>
</PropertyList>
