<?xml version='1.0' encoding='ISO-8859-1'?>
<PropertyList>
  <runway>
    <threshold>
      <lon>128.17014886</lon>
      <lat>-19.16679598</lat>
      <rwy>08</rwy>
      <hdg-deg>83.33</hdg-deg>
      <displ-m>0.0</displ-m>
      <stopw-m>0.0</stopw-m>
    </threshold>
    <threshold>
      <lon>128.17909888</lon>
      <lat>-19.16580736</lat>
      <rwy>26</rwy>
      <hdg-deg>263.33</hdg-deg>
      <displ-m>0.0</displ-m>
      <stopw-m>0.0</stopw-m>
    </threshold>
  </runway>
</PropertyList>
