<?xml version='1.0' encoding='ISO-8859-1'?>
<PropertyList>
  <runway>
    <threshold>
      <lon>115.81446579</lon>
      <lat>-28.71060842</lat>
      <rwy>05</rwy>
      <hdg-deg>57.33</hdg-deg>
      <displ-m>0.0</displ-m>
      <stopw-m>0.0</stopw-m>
    </threshold>
    <threshold>
      <lon>115.82103035</lon>
      <lat>-28.70691636</lat>
      <rwy>23</rwy>
      <hdg-deg>237.33</hdg-deg>
      <displ-m>0.0</displ-m>
      <stopw-m>0.0</stopw-m>
    </threshold>
  </runway>
</PropertyList>
