<?xml version='1.0' encoding='ISO-8859-1'?>
<PropertyList>
  <runway>
    <threshold>
      <lon>124.57771376</lon>
      <lat>-27.15636927</lat>
      <rwy>08</rwy>
      <hdg-deg>80.09</hdg-deg>
      <displ-m>0.0</displ-m>
      <stopw-m>0.0</stopw-m>
    </threshold>
    <threshold>
      <lon>124.59059084</lon>
      <lat>-27.15436753</lat>
      <rwy>26</rwy>
      <hdg-deg>260.09</hdg-deg>
      <displ-m>0.0</displ-m>
      <stopw-m>0.0</stopw-m>
    </threshold>
  </runway>
</PropertyList>
