<?xml version='1.0' encoding='ISO-8859-1'?>
<PropertyList>
  <runway>
    <threshold>
      <lon>117.86619608</lon>
      <lat>-22.74494684</lat>
      <rwy>11</rwy>
      <hdg-deg>115.82</hdg-deg>
      <displ-m>0.0</displ-m>
      <stopw-m>0.0</stopw-m>
    </threshold>
    <threshold>
      <lon>117.87322878</lon>
      <lat>-22.74808496</lat>
      <rwy>29</rwy>
      <hdg-deg>295.82</hdg-deg>
      <displ-m>0.0</displ-m>
      <stopw-m>0.0</stopw-m>
    </threshold>
  </runway>
</PropertyList>
