<?xml version='1.0' encoding='ISO-8859-1'?>
<PropertyList>
  <runway>
    <threshold>
      <lon>142.34600225</lon>
      <lat>-3.13908996</lat>
      <rwy>17</rwy>
      <hdg-deg>170.60</hdg-deg>
      <displ-m>0.0</displ-m>
      <stopw-m>0.0</stopw-m>
    </threshold>
    <threshold>
      <lon>142.34730432</lon>
      <lat>-3.14694327</lat>
      <rwy>35</rwy>
      <hdg-deg>350.60</hdg-deg>
      <displ-m>0.0</displ-m>
      <stopw-m>0.0</stopw-m>
    </threshold>
  </runway>
</PropertyList>
