<?xml version='1.0' encoding='ISO-8859-1'?>
<PropertyList>
  <runway>
    <threshold>
      <lon>-150.10522493</lon>
      <lat>61.73481861</lat>
      <rwy>12</rwy>
      <hdg-deg>145.00</hdg-deg>
      <displ-m>0.0</displ-m>
      <stopw-m>0.0</stopw-m>
    </threshold>
    <threshold>
      <lon>-150.09924509</lon>
      <lat>61.73077415</lat>
      <rwy>30</rwy>
      <hdg-deg>325.00</hdg-deg>
      <displ-m>0.0</displ-m>
      <stopw-m>0.0</stopw-m>
    </threshold>
  </runway>
</PropertyList>
