<?xml version='1.0' encoding='ISO-8859-1'?>
<PropertyList>
  <runway>
    <threshold>
      <lon>-149.82605601</lon>
      <lat>61.0830929</lat>
      <rwy>13</rwy>
      <hdg-deg>155.00</hdg-deg>
      <displ-m>0.0</displ-m>
      <stopw-m>0.0</stopw-m>
    </threshold>
    <threshold>
      <lon>-149.82277177</lon>
      <lat>61.0796871</lat>
      <rwy>31</rwy>
      <hdg-deg>335.00</hdg-deg>
      <displ-m>0.0</displ-m>
      <stopw-m>0.0</stopw-m>
    </threshold>
  </runway>
</PropertyList>
