<?xml version='1.0' encoding='ISO-8859-1'?>
<PropertyList>
  <runway>
    <threshold>
      <lon>-157.35578345</lon>
      <lat>58.21470826</lat>
      <rwy>03</rwy>
      <hdg-deg>50.00</hdg-deg>
      <displ-m>0.0</displ-m>
      <stopw-m>0.0</stopw-m>
    </threshold>
    <threshold>
      <lon>-157.34900157</lon>
      <lat>58.21770562</lat>
      <rwy>21</rwy>
      <hdg-deg>230.00</hdg-deg>
      <displ-m>0.0</displ-m>
      <stopw-m>0.0</stopw-m>
    </threshold>
  </runway>
  <runway>
    <threshold>
      <lon>-157.35797758</lon>
      <lat>58.21867536</lat>
      <rwy>11</rwy>
      <hdg-deg>130.00</hdg-deg>
      <displ-m>0.0</displ-m>
      <stopw-m>0.0</stopw-m>
    </threshold>
    <threshold>
      <lon>-157.34680744</lon>
      <lat>58.21373852</lat>
      <rwy>29</rwy>
      <hdg-deg>310.00</hdg-deg>
      <displ-m>0.0</displ-m>
      <stopw-m>0.0</stopw-m>
    </threshold>
  </runway>
</PropertyList>
