<?xml version='1.0' encoding='ISO-8859-1'?>
<PropertyList>
  <runway>
    <threshold>
      <lon>-146.15253967</lon>
      <lat>60.42160709</lat>
      <rwy>04</rwy>
      <hdg-deg>65.99</hdg-deg>
      <displ-m>0.0</displ-m>
      <stopw-m>0.0</stopw-m>
    </threshold>
    <threshold>
      <lon>-146.13927923</lon>
      <lat>60.42452123</lat>
      <rwy>22</rwy>
      <hdg-deg>246.01</hdg-deg>
      <displ-m>0.0</displ-m>
      <stopw-m>0.0</stopw-m>
    </threshold>
  </runway>
</PropertyList>
