<?xml version='1.0' encoding='ISO-8859-1'?>
<PropertyList>
  <runway>
    <threshold>
      <lon>-167.48538294</lon>
      <lat>65.64033599</lat>
      <rwy>17</rwy>
      <hdg-deg>186.00</hdg-deg>
      <displ-m>0.0</displ-m>
      <stopw-m>0.0</stopw-m>
    </threshold>
    <threshold>
      <lon>-167.48623096</lon>
      <lat>65.63700789</lat>
      <rwy>35</rwy>
      <hdg-deg>6.00</hdg-deg>
      <displ-m>0.0</displ-m>
      <stopw-m>0.0</stopw-m>
    </threshold>
  </runway>
</PropertyList>
