<?xml version='1.0' encoding='ISO-8859-1'?>
<PropertyList>
  <runway>
    <threshold>
      <lon>-144.83586283</lon>
      <lat>69.98587769</lat>
      <rwy>15</rwy>
      <hdg-deg>182.00</hdg-deg>
      <displ-m>0.0</displ-m>
      <stopw-m>0.0</stopw-m>
    </threshold>
    <threshold>
      <lon>-144.83642217</lon>
      <lat>69.98039507</lat>
      <rwy>33</rwy>
      <hdg-deg>2.00</hdg-deg>
      <displ-m>0.0</displ-m>
      <stopw-m>0.0</stopw-m>
    </threshold>
  </runway>
</PropertyList>
