<?xml version='1.0' encoding='ISO-8859-1'?>
<PropertyList>
  <runway>
    <threshold>
      <lon>157.14152757</lon>
      <lat>-8.13072941</lat>
      <rwy>01</rwy>
      <hdg-deg>16.60</hdg-deg>
      <displ-m>0.0</displ-m>
      <stopw-m>0.0</stopw-m>
    </threshold>
    <threshold>
      <lon>157.14480214</lon>
      <lat>-8.11985535</lat>
      <rwy>19</rwy>
      <hdg-deg>196.60</hdg-deg>
      <displ-m>0.0</displ-m>
      <stopw-m>0.0</stopw-m>
    </threshold>
  </runway>
</PropertyList>
