<?xml version='1.0' encoding='ISO-8859-1'?>
<PropertyList>
  <runway>
    <threshold>
      <lon>156.94597149</lon>
      <lat>-8.02397766</lat>
      <rwy>14</rwy>
      <hdg-deg>140.50</hdg-deg>
      <displ-m>0.0</displ-m>
      <stopw-m>0.0</stopw-m>
    </threshold>
    <threshold>
      <lon>156.94985166</lon>
      <lat>-8.02863856</lat>
      <rwy>32</rwy>
      <hdg-deg>320.50</hdg-deg>
      <displ-m>0.0</displ-m>
      <stopw-m>0.0</stopw-m>
    </threshold>
  </runway>
</PropertyList>
