<?xml version='1.0' encoding='ISO-8859-1'?>
<PropertyList>
  <runway>
    <threshold>
      <lon>143.21277069</lon>
      <lat>-9.09205598</lat>
      <rwy>14</rwy>
      <hdg-deg>317.00</hdg-deg>
      <displ-m>0.0</displ-m>
      <stopw-m>0.0</stopw-m>
    </threshold>
    <threshold>
      <lon>143.20406931</lon>
      <lat>-9.08284202</lat>
      <rwy>32</rwy>
      <hdg-deg>137.00</hdg-deg>
      <displ-m>0.0</displ-m>
      <stopw-m>0.0</stopw-m>
    </threshold>
  </runway>
</PropertyList>
