<?xml version='1.0' encoding='ISO-8859-1'?>
<PropertyList>
  <runway>
    <threshold>
      <lon>141.14258433</lon>
      <lat>-23.7624268</lat>
      <rwy>07</rwy>
      <hdg-deg>69.92</hdg-deg>
      <displ-m>0.0</displ-m>
      <stopw-m>0.0</stopw-m>
    </threshold>
    <threshold>
      <lon>141.15384916</lon>
      <lat>-23.7586578</lat>
      <rwy>25</rwy>
      <hdg-deg>249.92</hdg-deg>
      <displ-m>0.0</displ-m>
      <stopw-m>0.0</stopw-m>
    </threshold>
  </runway>
  <runway>
    <threshold>
      <lon>141.14486842</lon>
      <lat>-23.75482569</lat>
      <rwy>18</rwy>
      <hdg-deg>180.08</hdg-deg>
      <displ-m>0.0</displ-m>
      <stopw-m>0.0</stopw-m>
    </threshold>
    <threshold>
      <lon>141.1448536</lon>
      <lat>-23.76474262</lat>
      <rwy>36</rwy>
      <hdg-deg>0.08</hdg-deg>
      <displ-m>0.0</displ-m>
      <stopw-m>0.0</stopw-m>
    </threshold>
  </runway>
</PropertyList>
