<?xml version='1.0' encoding='ISO-8859-1'?>
<PropertyList>
  <runway>
    <threshold>
      <lon>140.99785036</lon>
      <lat>-28.99983302</lat>
      <rwy>22</rwy>
      <hdg-deg>224.45</hdg-deg>
      <displ-m>0.0</displ-m>
      <stopw-m>0.0</stopw-m>
    </threshold>
    <threshold>
      <lon>140.99106665</lon>
      <lat>-29.00588097</lat>
      <rwy>4</rwy>
      <hdg-deg>44.45</hdg-deg>
      <displ-m>0.0</displ-m>
      <stopw-m>0.0</stopw-m>
    </threshold>
  </runway>
</PropertyList>
