<?xml version='1.0' encoding='ISO-8859-1'?>
<PropertyList>
  <runway>
    <threshold>
      <lon>148.78492358</lon>
      <lat>-29.47255164</lat>
      <rwy>17</rwy>
      <hdg-deg>170.81</hdg-deg>
      <displ-m>0.0</displ-m>
      <stopw-m>0.0</stopw-m>
    </threshold>
    <threshold>
      <lon>148.78697074</lon>
      <lat>-29.48356534</lat>
      <rwy>35</rwy>
      <hdg-deg>350.81</hdg-deg>
      <displ-m>0.0</displ-m>
      <stopw-m>0.0</stopw-m>
    </threshold>
  </runway>
  <runway>
    <threshold>
      <lon>148.79125929</lon>
      <lat>-29.47452812</lat>
      <rwy>23</rwy>
      <hdg-deg>231.81</hdg-deg>
      <displ-m>0.0</displ-m>
      <stopw-m>0.0</stopw-m>
    </threshold>
    <threshold>
      <lon>148.77627185</lon>
      <lat>-29.48479154</lat>
      <rwy>5</rwy>
      <hdg-deg>51.81</hdg-deg>
      <displ-m>0.0</displ-m>
      <stopw-m>0.0</stopw-m>
    </threshold>
  </runway>
</PropertyList>
