<?xml version='1.0' encoding='ISO-8859-1'?>
<PropertyList>
  <runway>
    <threshold>
      <lon>129.2402034</lon>
      <lat>-17.7425293</lat>
      <rwy>25</rwy>
      <hdg-deg>251.20</hdg-deg>
      <displ-m>0.0</displ-m>
      <stopw-m>0.0</stopw-m>
    </threshold>
    <threshold>
      <lon>129.23163428</lon>
      <lat>-17.74530735</lat>
      <rwy>7</rwy>
      <hdg-deg>71.20</hdg-deg>
      <displ-m>0.0</displ-m>
      <stopw-m>0.0</stopw-m>
    </threshold>
  </runway>
</PropertyList>
