<?xml version='1.0' encoding='ISO-8859-1'?>
<PropertyList>
  <runway>
    <threshold>
      <lon>152.9609135</lon>
      <lat>-26.29737539</lat>
      <rwy>01</rwy>
      <hdg-deg>9.19</hdg-deg>
      <displ-m>0.0</displ-m>
      <stopw-m>0.0</stopw-m>
    </threshold>
    <threshold>
      <lon>152.9617241</lon>
      <lat>-26.29288352</lat>
      <rwy>19</rwy>
      <hdg-deg>189.19</hdg-deg>
      <displ-m>0.0</displ-m>
      <stopw-m>0.0</stopw-m>
    </threshold>
  </runway>
  <runway>
    <threshold>
      <lon>152.96115368</lon>
      <lat>-26.29259786</lat>
      <rwy>10</rwy>
      <hdg-deg>108.39</hdg-deg>
      <displ-m>0.0</displ-m>
      <stopw-m>0.0</stopw-m>
    </threshold>
    <threshold>
      <lon>152.96914309</lon>
      <lat>-26.29497921</lat>
      <rwy>28</rwy>
      <hdg-deg>288.39</hdg-deg>
      <displ-m>0.0</displ-m>
      <stopw-m>0.0</stopw-m>
    </threshold>
  </runway>
</PropertyList>
