<?xml version='1.0' encoding='ISO-8859-1'?>
<PropertyList>
  <runway>
    <threshold>
      <lon>-92.60636632</lon>
      <lat>34.15913579</lat>
      <rwy>03</rwy>
      <hdg-deg>34.00</hdg-deg>
      <displ-m>0.0</displ-m>
      <stopw-m>0.0</stopw-m>
    </threshold>
    <threshold>
      <lon>-92.60117592</lon>
      <lat>34.16550309</lat>
      <rwy>21</rwy>
      <hdg-deg>214.00</hdg-deg>
      <displ-m>0.0</displ-m>
      <stopw-m>0.0</stopw-m>
    </threshold>
  </runway>
</PropertyList>
