<?xml version='1.0' encoding='ISO-8859-1'?>
<PropertyList>
  <runway>
    <threshold>
      <lon>-92.69629068</lon>
      <lat>34.17352653</lat>
      <rwy>17</rwy>
      <hdg-deg>174.00</hdg-deg>
      <displ-m>0.0</displ-m>
      <stopw-m>0.0</stopw-m>
    </threshold>
    <threshold>
      <lon>-92.69570156</lon>
      <lat>34.16888901</lat>
      <rwy>35</rwy>
      <hdg-deg>354.00</hdg-deg>
      <displ-m>0.0</displ-m>
      <stopw-m>0.0</stopw-m>
    </threshold>
  </runway>
</PropertyList>
