<?xml version='1.0' encoding='ISO-8859-1'?>
<PropertyList>
  <runway>
    <threshold>
      <lon>-92.70229767</lon>
      <lat>34.17509267</lat>
      <rwy>04</rwy>
      <hdg-deg>44.00</hdg-deg>
      <displ-m>0.0</displ-m>
      <stopw-m>0.0</stopw-m>
    </threshold>
    <threshold>
      <lon>-92.69969511</lon>
      <lat>34.17732231</lat>
      <rwy>22</rwy>
      <hdg-deg>224.00</hdg-deg>
      <displ-m>0.0</displ-m>
      <stopw-m>0.0</stopw-m>
    </threshold>
  </runway>
</PropertyList>
