<?xml version='1.0' encoding='ISO-8859-1'?>
<PropertyList>
  <runway>
    <threshold>
      <lon>-92.30053326</lon>
      <lat>34.96248469</lat>
      <rwy>01</rwy>
      <hdg-deg>14.00</hdg-deg>
      <displ-m>0.0</displ-m>
      <stopw-m>0.0</stopw-m>
    </threshold>
    <threshold>
      <lon>-92.29810398</lon>
      <lat>34.97046919</lat>
      <rwy>19</rwy>
      <hdg-deg>194.00</hdg-deg>
      <displ-m>0.0</displ-m>
      <stopw-m>0.0</stopw-m>
    </threshold>
  </runway>
  <runway>
    <threshold>
      <lon>-92.30265766</lon>
      <lat>34.96666828</lat>
      <rwy>09</rwy>
      <hdg-deg>94.00</hdg-deg>
      <displ-m>0.0</displ-m>
      <stopw-m>0.0</stopw-m>
    </threshold>
    <threshold>
      <lon>-92.29597958</lon>
      <lat>34.9662856</lat>
      <rwy>27</rwy>
      <hdg-deg>274.00</hdg-deg>
      <displ-m>0.0</displ-m>
      <stopw-m>0.0</stopw-m>
    </threshold>
  </runway>
</PropertyList>
