<?xml version='1.0' encoding='ISO-8859-1'?>
<PropertyList>
  <runway>
    <threshold>
      <lon>-92.35817528</lon>
      <lat>35.05631449</lat>
      <rwy>11</rwy>
      <hdg-deg>114.00</hdg-deg>
      <displ-m>0.0</displ-m>
      <stopw-m>0.0</stopw-m>
    </threshold>
    <threshold>
      <lon>-92.34991028</lon>
      <lat>35.05330217</lat>
      <rwy>29</rwy>
      <hdg-deg>294.00</hdg-deg>
      <displ-m>0.0</displ-m>
      <stopw-m>0.0</stopw-m>
    </threshold>
  </runway>
</PropertyList>
