<?xml version='1.0' encoding='ISO-8859-1'?>
<PropertyList>
  <runway>
    <threshold>
      <lon>-93.06744326</lon>
      <lat>35.39745081</lat>
      <rwy>02</rwy>
      <hdg-deg>24.00</hdg-deg>
      <displ-m>0.0</displ-m>
      <stopw-m>0.0</stopw-m>
    </threshold>
    <threshold>
      <lon>-93.06456898</lon>
      <lat>35.40271307</lat>
      <rwy>20</rwy>
      <hdg-deg>204.00</hdg-deg>
      <displ-m>0.0</displ-m>
      <stopw-m>0.0</stopw-m>
    </threshold>
  </runway>
</PropertyList>
