<?xml version='1.0' encoding='ISO-8859-1'?>
<PropertyList>
  <runway>
    <threshold>
      <lon>-123.2700399</lon>
      <lat>52.06852441</lat>
      <rwy>11</rwy>
      <hdg-deg>132.00</hdg-deg>
      <displ-m>0.0</displ-m>
      <stopw-m>0.0</stopw-m>
    </threshold>
    <threshold>
      <lon>-123.2634081</lon>
      <lat>52.06485359</lat>
      <rwy>29</rwy>
      <hdg-deg>312.00</hdg-deg>
      <displ-m>0.0</displ-m>
      <stopw-m>0.0</stopw-m>
    </threshold>
  </runway>
</PropertyList>
