<?xml version='1.0' encoding='ISO-8859-1'?>
<PropertyList>
  <runway>
    <threshold>
      <lon>-85.30200857</lon>
      <lat>32.41744093</lat>
      <rwy>12</rwy>
      <hdg-deg>119.00</hdg-deg>
      <displ-m>0.0</displ-m>
      <stopw-m>0.0</stopw-m>
    </threshold>
    <threshold>
      <lon>-85.29632477</lon>
      <lat>32.41478129</lat>
      <rwy>30</rwy>
      <hdg-deg>299.00</hdg-deg>
      <displ-m>0.0</displ-m>
      <stopw-m>0.0</stopw-m>
    </threshold>
  </runway>
</PropertyList>
