<?xml version='1.0' encoding='ISO-8859-1'?>
<PropertyList>
  <runway>
    <threshold>
      <lon>-87.84590876</lon>
      <lat>33.86630477</lat>
      <rwy>17</rwy>
      <hdg-deg>170.00</hdg-deg>
      <displ-m>0.0</displ-m>
      <stopw-m>0.0</stopw-m>
    </threshold>
    <threshold>
      <lon>-87.8446468</lon>
      <lat>33.86036189</lat>
      <rwy>35</rwy>
      <hdg-deg>350.00</hdg-deg>
      <displ-m>0.0</displ-m>
      <stopw-m>0.0</stopw-m>
    </threshold>
  </runway>
</PropertyList>
