<?xml version='1.0' encoding='ISO-8859-1'?>
<PropertyList>
  <runway>
    <threshold>
      <lon>-87.46710033</lon>
      <lat>30.44191252</lat>
      <rwy>09</rwy>
      <hdg-deg>91.00</hdg-deg>
      <displ-m>0.0</displ-m>
      <stopw-m>0.0</stopw-m>
    </threshold>
    <threshold>
      <lon>-87.46063635</lon>
      <lat>30.44181524</lat>
      <rwy>27</rwy>
      <hdg-deg>271.00</hdg-deg>
      <displ-m>0.0</displ-m>
      <stopw-m>0.0</stopw-m>
    </threshold>
  </runway>
</PropertyList>
