<?xml version='1.0' encoding='ISO-8859-1'?>
<PropertyList>
  <runway>
    <threshold>
      <lon>-85.08572318</lon>
      <lat>32.49834127</lat>
      <rwy>05</rwy>
      <hdg-deg>49.00</hdg-deg>
      <displ-m>0.0</displ-m>
      <stopw-m>0.0</stopw-m>
    </threshold>
    <threshold>
      <lon>-85.08081406</lon>
      <lat>32.50194039</lat>
      <rwy>23</rwy>
      <hdg-deg>229.00</hdg-deg>
      <displ-m>0.0</displ-m>
      <stopw-m>0.0</stopw-m>
    </threshold>
  </runway>
</PropertyList>
