<?xml version='1.0' encoding='ISO-8859-1'?>
<PropertyList>
  <runway>
    <threshold>
      <lon>-86.33631883</lon>
      <lat>34.64282303</lat>
      <rwy>09</rwy>
      <hdg-deg>89.00</hdg-deg>
      <displ-m>0.0</displ-m>
      <stopw-m>0.0</stopw-m>
    </threshold>
    <threshold>
      <lon>-86.33031841</lon>
      <lat>34.64290919</lat>
      <rwy>27</rwy>
      <hdg-deg>269.00</hdg-deg>
      <displ-m>0.0</displ-m>
      <stopw-m>0.0</stopw-m>
    </threshold>
  </runway>
</PropertyList>
