<?xml version='1.0' encoding='ISO-8859-1'?>
<PropertyList>
  <runway>
    <threshold>
      <lon>156.59634535</lon>
      <lat>-7.57288615</lat>
      <rwy>06</rwy>
      <hdg-deg>165.20</hdg-deg>
      <displ-m>0.0</displ-m>
      <stopw-m>0.0</stopw-m>
    </threshold>
    <threshold>
      <lon>156.59797974</lon>
      <lat>-7.57901807</lat>
      <rwy>24</rwy>
      <hdg-deg>345.20</hdg-deg>
      <displ-m>0.0</displ-m>
      <stopw-m>0.0</stopw-m>
    </threshold>
  </runway>
</PropertyList>
