<?xml version='1.0' encoding='ISO-8859-1'?>
<PropertyList>
  <runway>
    <threshold>
      <lon>-149.02486813</lon>
      <lat>61.52952511</lat>
      <rwy>06</rwy>
      <hdg-deg>85.00</hdg-deg>
      <displ-m>0.0</displ-m>
      <stopw-m>0.0</stopw-m>
    </threshold>
    <threshold>
      <lon>-149.01455021</lon>
      <lat>61.52995543</lat>
      <rwy>24</rwy>
      <hdg-deg>265.00</hdg-deg>
      <displ-m>0.0</displ-m>
      <stopw-m>0.0</stopw-m>
    </threshold>
  </runway>
</PropertyList>
