<?xml version='1.0' encoding='ISO-8859-1'?>
<PropertyList>
  <runway>
    <threshold>
      <lon>-161.06639373</lon>
      <lat>65.5408467</lat>
      <rwy>10</rwy>
      <hdg-deg>120.00</hdg-deg>
      <displ-m>0.0</displ-m>
      <stopw-m>0.0</stopw-m>
    </threshold>
    <threshold>
      <lon>-161.05836183</lon>
      <lat>65.53892662</lat>
      <rwy>28</rwy>
      <hdg-deg>300.00</hdg-deg>
      <displ-m>0.0</displ-m>
      <stopw-m>0.0</stopw-m>
    </threshold>
  </runway>
</PropertyList>
