<?xml version='1.0' encoding='ISO-8859-1'?>
<PropertyList>
  <runway>
    <threshold>
      <lon>-154.13141463</lon>
      <lat>59.79115103</lat>
      <rwy>09</rwy>
      <hdg-deg>111.99</hdg-deg>
      <displ-m>0.0</displ-m>
      <stopw-m>0.0</stopw-m>
    </threshold>
    <threshold>
      <lon>-154.11625149</lon>
      <lat>59.78806841</lat>
      <rwy>27</rwy>
      <hdg-deg>292.01</hdg-deg>
      <displ-m>0.0</displ-m>
      <stopw-m>0.0</stopw-m>
    </threshold>
  </runway>
</PropertyList>
