<?xml version='1.0' encoding='ISO-8859-1'?>
<PropertyList>
  <runway>
    <threshold>
      <lon>-148.80654368</lon>
      <lat>63.65085058</lat>
      <rwy>12</rwy>
      <hdg-deg>146.99</hdg-deg>
      <displ-m>0.0</displ-m>
      <stopw-m>0.0</stopw-m>
    </threshold>
    <threshold>
      <lon>-148.78971744</lon>
      <lat>63.6393483</lat>
      <rwy>30</rwy>
      <hdg-deg>327.01</hdg-deg>
      <displ-m>0.0</displ-m>
      <stopw-m>0.0</stopw-m>
    </threshold>
  </runway>
</PropertyList>
