<?xml version='1.0' encoding='ISO-8859-1'?>
<PropertyList>
  <runway>
    <threshold>
      <lon>-151.88161408</lon>
      <lat>59.2397758</lat>
      <rwy>04</rwy>
      <hdg-deg>62.00</hdg-deg>
      <displ-m>0.0</displ-m>
      <stopw-m>0.0</stopw-m>
    </threshold>
    <threshold>
      <lon>-151.87261648</lon>
      <lat>59.24222252</lat>
      <rwy>22</rwy>
      <hdg-deg>242.00</hdg-deg>
      <displ-m>0.0</displ-m>
      <stopw-m>0.0</stopw-m>
    </threshold>
  </runway>
  <runway>
    <threshold>
      <lon>-151.87860692</lon>
      <lat>59.24334702</lat>
      <rwy>14</rwy>
      <hdg-deg>162.00</hdg-deg>
      <displ-m>0.0</displ-m>
      <stopw-m>0.0</stopw-m>
    </threshold>
    <threshold>
      <lon>-151.87562364</lon>
      <lat>59.2386513</lat>
      <rwy>32</rwy>
      <hdg-deg>342.00</hdg-deg>
      <displ-m>0.0</displ-m>
      <stopw-m>0.0</stopw-m>
    </threshold>
  </runway>
</PropertyList>
