<?xml version='1.0' encoding='ISO-8859-1'?>
<PropertyList>
  <runway>
    <threshold>
      <lon>-145.5025845</lon>
      <lat>64.05286882</lat>
      <rwy>15</rwy>
      <hdg-deg>178.00</hdg-deg>
      <displ-m>0.0</displ-m>
      <stopw-m>0.0</stopw-m>
    </threshold>
    <threshold>
      <lon>-145.50206384</lon>
      <lat>64.0463445</lat>
      <rwy>33</rwy>
      <hdg-deg>358.00</hdg-deg>
      <displ-m>0.0</displ-m>
      <stopw-m>0.0</stopw-m>
    </threshold>
  </runway>
</PropertyList>
