<?xml version='1.0' encoding='ISO-8859-1'?>
<PropertyList>
  <runway>
    <threshold>
      <lon>-136.56846956</lon>
      <lat>66.49131089</lat>
      <rwy>16</rwy>
      <hdg-deg>195.00</hdg-deg>
      <displ-m>0.0</displ-m>
      <stopw-m>0.0</stopw-m>
    </threshold>
    <threshold>
      <lon>-136.57291844</lon>
      <lat>66.48468711</lat>
      <rwy>34</rwy>
      <hdg-deg>15.00</hdg-deg>
      <displ-m>0.0</displ-m>
      <stopw-m>0.0</stopw-m>
    </threshold>
  </runway>
</PropertyList>
