<?xml version='1.0' encoding='ISO-8859-1'?>
<PropertyList>
  <runway>
    <threshold>
      <lon>-87.53783233</lon>
      <lat>31.5599681</lat>
      <rwy>11</rwy>
      <hdg-deg>111.00</hdg-deg>
      <displ-m>0.0</displ-m>
      <stopw-m>0.0</stopw-m>
    </threshold>
    <threshold>
      <lon>-87.52881657</lon>
      <lat>31.55701912</lat>
      <rwy>29</rwy>
      <hdg-deg>291.00</hdg-deg>
      <displ-m>0.0</displ-m>
      <stopw-m>0.0</stopw-m>
    </threshold>
  </runway>
</PropertyList>
