<?xml version='1.0' encoding='ISO-8859-1'?>
<PropertyList>
  <runway>
    <threshold>
      <lon>-87.44490561</lon>
      <lat>33.14969034</lat>
      <rwy>08</rwy>
      <hdg-deg>81.00</hdg-deg>
      <displ-m>0.0</displ-m>
      <stopw-m>0.0</stopw-m>
    </threshold>
    <threshold>
      <lon>-87.43843385</lon>
      <lat>33.15054854</lat>
      <rwy>26</rwy>
      <hdg-deg>261.00</hdg-deg>
      <displ-m>0.0</displ-m>
      <stopw-m>0.0</stopw-m>
    </threshold>
  </runway>
</PropertyList>
