<?xml version='1.0' encoding='ISO-8859-1'?>
<PropertyList>
  <runway>
    <threshold>
      <lon>-87.52574068</lon>
      <lat>30.45933093</lat>
      <rwy>01</rwy>
      <hdg-deg>11.00</hdg-deg>
      <displ-m>0.0</displ-m>
      <stopw-m>0.0</stopw-m>
    </threshold>
    <threshold>
      <lon>-87.52422266</lon>
      <lat>30.46606239</lat>
      <rwy>19</rwy>
      <hdg-deg>191.00</hdg-deg>
      <displ-m>0.0</displ-m>
      <stopw-m>0.0</stopw-m>
    </threshold>
  </runway>
  <runway>
    <threshold>
      <lon>-87.52708164</lon>
      <lat>30.46272826</lat>
      <rwy>09</rwy>
      <hdg-deg>91.00</hdg-deg>
      <displ-m>0.0</displ-m>
      <stopw-m>0.0</stopw-m>
    </threshold>
    <threshold>
      <lon>-87.5228817</lon>
      <lat>30.46266506</lat>
      <rwy>27</rwy>
      <hdg-deg>271.00</hdg-deg>
      <displ-m>0.0</displ-m>
      <stopw-m>0.0</stopw-m>
    </threshold>
  </runway>
  <runway>
    <threshold>
      <lon>-87.52564128</lon>
      <lat>30.46628636</lat>
      <rwy>17</rwy>
      <hdg-deg>171.00</hdg-deg>
      <displ-m>0.0</displ-m>
      <stopw-m>0.0</stopw-m>
    </threshold>
    <threshold>
      <lon>-87.52432206</lon>
      <lat>30.45910696</lat>
      <rwy>35</rwy>
      <hdg-deg>351.00</hdg-deg>
      <displ-m>0.0</displ-m>
      <stopw-m>0.0</stopw-m>
    </threshold>
  </runway>
</PropertyList>
