<?xml version='1.0' encoding='ISO-8859-1'?>
<PropertyList>
  <runway>
    <threshold>
      <lon>-85.59031314</lon>
      <lat>34.53677769</lat>
      <rwy>18</rwy>
      <hdg-deg>179.00</hdg-deg>
      <displ-m>0.0</displ-m>
      <stopw-m>0.0</stopw-m>
    </threshold>
    <threshold>
      <lon>-85.59017076</lon>
      <lat>34.53005841</lat>
      <rwy>36</rwy>
      <hdg-deg>359.00</hdg-deg>
      <displ-m>0.0</displ-m>
      <stopw-m>0.0</stopw-m>
    </threshold>
  </runway>
</PropertyList>
