<?xml version='1.0' encoding='ISO-8859-1'?>
<PropertyList>
  <runway>
    <threshold>
      <lon>-116.81665712</lon>
      <lat>49.6708755</lat>
      <rwy>01</rwy>
      <hdg-deg>270.00</hdg-deg>
      <displ-m>0.0</displ-m>
      <stopw-m>0.0</stopw-m>
    </threshold>
    <threshold>
      <lon>-116.81667408</lon>
      <lat>49.6708755</lat>
      <rwy>19</rwy>
      <hdg-deg>90.00</hdg-deg>
      <displ-m>0.0</displ-m>
      <stopw-m>0.0</stopw-m>
    </threshold>
  </runway>
  <runway>
    <threshold>
      <lon>-116.81824261</lon>
      <lat>49.67023137</lat>
      <rwy>14</rwy>
      <hdg-deg>164.00</hdg-deg>
      <displ-m>0.0</displ-m>
      <stopw-m>0.0</stopw-m>
    </threshold>
    <threshold>
      <lon>-116.81508859</lon>
      <lat>49.66311223</lat>
      <rwy>32</rwy>
      <hdg-deg>344.00</hdg-deg>
      <displ-m>0.0</displ-m>
      <stopw-m>0.0</stopw-m>
    </threshold>
  </runway>
</PropertyList>
