<?xml version='1.0' encoding='ISO-8859-1'?>
<PropertyList>
  <runway>
    <threshold>
      <lon>-93.47689755</lon>
      <lat>35.13830044</lat>
      <rwy>16</rwy>
      <hdg-deg>164.00</hdg-deg>
      <displ-m>0.0</displ-m>
      <stopw-m>0.0</stopw-m>
    </threshold>
    <threshold>
      <lon>-93.47347691</lon>
      <lat>35.12854456</lat>
      <rwy>34</rwy>
      <hdg-deg>344.00</hdg-deg>
      <displ-m>0.0</displ-m>
      <stopw-m>0.0</stopw-m>
    </threshold>
  </runway>
</PropertyList>
