<?xml version='1.0' encoding='ISO-8859-1'?>
<PropertyList>
  <runway>
    <threshold>
      <lon>-92.19448547</lon>
      <lat>35.11825196</lat>
      <rwy>08</rwy>
      <hdg-deg>84.00</hdg-deg>
      <displ-m>0.0</displ-m>
      <stopw-m>0.0</stopw-m>
    </threshold>
    <threshold>
      <lon>-92.18414677</lon>
      <lat>35.1191408</lat>
      <rwy>26</rwy>
      <hdg-deg>264.00</hdg-deg>
      <displ-m>0.0</displ-m>
      <stopw-m>0.0</stopw-m>
    </threshold>
  </runway>
</PropertyList>
