<?xml version='1.0' encoding='ISO-8859-1'?>
<PropertyList>
  <runway>
    <threshold>
      <lon>-90.62118569</lon>
      <lat>35.77346093</lat>
      <rwy>05</rwy>
      <hdg-deg>53.00</hdg-deg>
      <displ-m>0.0</displ-m>
      <stopw-m>0.0</stopw-m>
    </threshold>
    <threshold>
      <lon>-90.61681155</lon>
      <lat>35.77613517</lat>
      <rwy>23</rwy>
      <hdg-deg>233.00</hdg-deg>
      <displ-m>0.0</displ-m>
      <stopw-m>0.0</stopw-m>
    </threshold>
  </runway>
  <runway>
    <threshold>
      <lon>-90.61888361</lon>
      <lat>35.77657854</lat>
      <rwy>18</rwy>
      <hdg-deg>183.00</hdg-deg>
      <displ-m>0.0</displ-m>
      <stopw-m>0.0</stopw-m>
    </threshold>
    <threshold>
      <lon>-90.61911363</lon>
      <lat>35.77301756</lat>
      <rwy>36</rwy>
      <hdg-deg>3.00</hdg-deg>
      <displ-m>0.0</displ-m>
      <stopw-m>0.0</stopw-m>
    </threshold>
  </runway>
</PropertyList>
