<?xml version='1.0' encoding='ISO-8859-1'?>
<PropertyList>
  <runway>
    <threshold>
      <lon>-92.02899939</lon>
      <lat>34.93944421</lat>
      <rwy>09</rwy>
      <hdg-deg>93.00</hdg-deg>
      <displ-m>0.0</displ-m>
      <stopw-m>0.0</stopw-m>
    </threshold>
    <threshold>
      <lon>-92.02017785</lon>
      <lat>34.93906523</lat>
      <rwy>27</rwy>
      <hdg-deg>273.00</hdg-deg>
      <displ-m>0.0</displ-m>
      <stopw-m>0.0</stopw-m>
    </threshold>
  </runway>
</PropertyList>
