<?xml version='1.0' encoding='ISO-8859-1'?>
<PropertyList>
  <runway>
    <threshold>
      <lon>-139.19708033</lon>
      <lat>59.41071713</lat>
      <rwy>01</rwy>
      <hdg-deg>38.00</hdg-deg>
      <displ-m>0.0</displ-m>
      <stopw-m>0.0</stopw-m>
    </threshold>
    <threshold>
      <lon>-139.19077469</lon>
      <lat>59.41482397</lat>
      <rwy>19</rwy>
      <hdg-deg>218.00</hdg-deg>
      <displ-m>0.0</displ-m>
      <stopw-m>0.0</stopw-m>
    </threshold>
  </runway>
</PropertyList>
