<?xml version='1.0' encoding='ISO-8859-1'?>
<PropertyList>
  <runway>
    <threshold>
      <lon>-150.60258443</lon>
      <lat>61.70732494</lat>
      <rwy>14</rwy>
      <hdg-deg>165.00</hdg-deg>
      <displ-m>0.0</displ-m>
      <stopw-m>0.0</stopw-m>
    </threshold>
    <threshold>
      <lon>-150.59966391</lon>
      <lat>61.70215838</lat>
      <rwy>32</rwy>
      <hdg-deg>345.00</hdg-deg>
      <displ-m>0.0</displ-m>
      <stopw-m>0.0</stopw-m>
    </threshold>
  </runway>
</PropertyList>
