<?xml version='1.0' encoding='ISO-8859-1'?>
<PropertyList>
  <runway>
    <threshold>
      <lon>-151.30052496</lon>
      <lat>60.72715299</lat>
      <rwy>18</rwy>
      <hdg-deg>204.00</hdg-deg>
      <displ-m>0.0</displ-m>
      <stopw-m>0.0</stopw-m>
    </threshold>
    <threshold>
      <lon>-151.30394728</lon>
      <lat>60.72339423</lat>
      <rwy>36</rwy>
      <hdg-deg>24.00</hdg-deg>
      <displ-m>0.0</displ-m>
      <stopw-m>0.0</stopw-m>
    </threshold>
  </runway>
</PropertyList>
