<?xml version='1.0' encoding='ISO-8859-1'?>
<PropertyList>
  <runway>
    <threshold>
      <lon>-138.44421289</lon>
      <lat>59.18711791</lat>
      <rwy>06</rwy>
      <hdg-deg>88.00</hdg-deg>
      <displ-m>0.0</displ-m>
      <stopw-m>0.0</stopw-m>
    </threshold>
    <threshold>
      <lon>-138.43425879</lon>
      <lat>59.18729597</lat>
      <rwy>24</rwy>
      <hdg-deg>268.00</hdg-deg>
      <displ-m>0.0</displ-m>
      <stopw-m>0.0</stopw-m>
    </threshold>
  </runway>
</PropertyList>
