<?xml version='1.0' encoding='ISO-8859-1'?>
<PropertyList>
  <runway>
    <threshold>
      <lon>-138.40892926</lon>
      <lat>59.12508496</lat>
      <rwy>02</rwy>
      <hdg-deg>48.00</hdg-deg>
      <displ-m>0.0</displ-m>
      <stopw-m>0.0</stopw-m>
    </threshold>
    <threshold>
      <lon>-138.40455964</lon>
      <lat>59.12710392</lat>
      <rwy>20</rwy>
      <hdg-deg>228.00</hdg-deg>
      <displ-m>0.0</displ-m>
      <stopw-m>0.0</stopw-m>
    </threshold>
  </runway>
</PropertyList>
