<?xml version='1.0' encoding='ISO-8859-1'?>
<PropertyList>
  <runway>
    <threshold>
      <lon>-156.37019698</lon>
      <lat>63.00428996</lat>
      <rwy>13</rwy>
      <hdg-deg>152.00</hdg-deg>
      <displ-m>0.0</displ-m>
      <stopw-m>0.0</stopw-m>
    </threshold>
    <threshold>
      <lon>-156.36452358</lon>
      <lat>62.99944614</lat>
      <rwy>31</rwy>
      <hdg-deg>332.00</hdg-deg>
      <displ-m>0.0</displ-m>
      <stopw-m>0.0</stopw-m>
    </threshold>
  </runway>
</PropertyList>
