<?xml version='1.0' encoding='ISO-8859-1'?>
<PropertyList>
  <runway>
    <threshold>
      <lon>-158.78218932</lon>
      <lat>56.25564796</lat>
      <rwy>08</rwy>
      <hdg-deg>98.99</hdg-deg>
      <displ-m>0.0</displ-m>
      <stopw-m>0.0</stopw-m>
    </threshold>
    <threshold>
      <lon>-158.76853346</lon>
      <lat>56.25444648</lat>
      <rwy>26</rwy>
      <hdg-deg>279.01</hdg-deg>
      <displ-m>0.0</displ-m>
      <stopw-m>0.0</stopw-m>
    </threshold>
  </runway>
</PropertyList>
