<?xml version='1.0' encoding='ISO-8859-1'?>
<PropertyList>
  <runway>
    <threshold>
      <lon>153.0428256</lon>
      <lat>-26.31730486</lat>
      <rwy>02</rwy>
      <hdg-deg>25.90</hdg-deg>
      <displ-m>0.0</displ-m>
      <stopw-m>0.0</stopw-m>
    </threshold>
    <threshold>
      <lon>153.04661695</lon>
      <lat>-26.31030485</lat>
      <rwy>20</rwy>
      <hdg-deg>205.90</hdg-deg>
      <displ-m>0.0</displ-m>
      <stopw-m>0.0</stopw-m>
    </threshold>
  </runway>
  <runway>
    <threshold>
      <lon>153.04275883</lon>
      <lat>-26.31354703</lat>
      <rwy>09</rwy>
      <hdg-deg>90.23</hdg-deg>
      <displ-m>0.0</displ-m>
      <stopw-m>0.0</stopw-m>
    </threshold>
    <threshold>
      <lon>153.04617506</lon>
      <lat>-26.31355932</lat>
      <rwy>27</rwy>
      <hdg-deg>270.23</hdg-deg>
      <displ-m>0.0</displ-m>
      <stopw-m>0.0</stopw-m>
    </threshold>
  </runway>
  <runway>
    <threshold>
      <lon>153.03517232</lon>
      <lat>-26.31541162</lat>
      <rwy>10</rwy>
      <hdg-deg>105.18</hdg-deg>
      <displ-m>0.0</displ-m>
      <stopw-m>0.0</stopw-m>
    </threshold>
    <threshold>
      <lon>153.04572437</lon>
      <lat>-26.3179775</lat>
      <rwy>28</rwy>
      <hdg-deg>285.18</hdg-deg>
      <displ-m>0.0</displ-m>
      <stopw-m>0.0</stopw-m>
    </threshold>
  </runway>
  <runway>
    <threshold>
      <lon>153.04272999</lon>
      <lat>-26.31041453</lat>
      <rwy>14</rwy>
      <hdg-deg>149.02</hdg-deg>
      <displ-m>0.0</displ-m>
      <stopw-m>0.0</stopw-m>
    </threshold>
    <threshold>
      <lon>153.04663368</lon>
      <lat>-26.31624154</lat>
      <rwy>32</rwy>
      <hdg-deg>329.01</hdg-deg>
      <displ-m>0.0</displ-m>
      <stopw-m>0.0</stopw-m>
    </threshold>
  </runway>
</PropertyList>
