<?xml version='1.0' encoding='ISO-8859-1'?>
<PropertyList>
  <runway>
    <threshold>
      <lon>145.93611171</lon>
      <lat>-41.58434854</lat>
      <rwy>02</rwy>
      <hdg-deg>28.57</hdg-deg>
      <displ-m>0.0</displ-m>
      <stopw-m>0.0</stopw-m>
    </threshold>
    <threshold>
      <lon>145.94132367</lon>
      <lat>-41.57718899</lat>
      <rwy>20</rwy>
      <hdg-deg>208.57</hdg-deg>
      <displ-m>0.0</displ-m>
      <stopw-m>0.0</stopw-m>
    </threshold>
  </runway>
</PropertyList>
