<?xml version='1.0' encoding='ISO-8859-1'?>
<PropertyList>
  <runway>
    <threshold>
      <lon>146.3275079</lon>
      <lat>-41.53009981</lat>
      <rwy>09</rwy>
      <hdg-deg>108.56</hdg-deg>
      <displ-m>0.0</displ-m>
      <stopw-m>0.0</stopw-m>
    </threshold>
    <threshold>
      <lon>146.33107932</lon>
      <lat>-41.53099734</lat>
      <rwy>27</rwy>
      <hdg-deg>288.56</hdg-deg>
      <displ-m>0.0</displ-m>
      <stopw-m>0.0</stopw-m>
    </threshold>
  </runway>
</PropertyList>
