<?xml version='1.0' encoding='ISO-8859-1'?>
<PropertyList>
  <runway>
    <threshold>
      <lon>147.28637208</lon>
      <lat>-41.79891289</lat>
      <rwy>16</rwy>
      <hdg-deg>142.05</hdg-deg>
      <displ-m>0.0</displ-m>
      <stopw-m>0.0</stopw-m>
    </threshold>
    <threshold>
      <lon>147.2916139</lon>
      <lat>-41.80392279</lat>
      <rwy>34</rwy>
      <hdg-deg>322.05</hdg-deg>
      <displ-m>0.0</displ-m>
      <stopw-m>0.0</stopw-m>
    </threshold>
  </runway>
</PropertyList>
