<?xml version='1.0' encoding='ISO-8859-1'?>
<PropertyList>
  <runway>
    <threshold>
      <lon>133.60047585</lon>
      <lat>-26.9472808</lat>
      <rwy>08</rwy>
      <hdg-deg>81.65</hdg-deg>
      <displ-m>0.0</displ-m>
      <stopw-m>0.0</stopw-m>
    </threshold>
    <threshold>
      <lon>133.60934201</lon>
      <lat>-26.94611983</lat>
      <rwy>26</rwy>
      <hdg-deg>261.64</hdg-deg>
      <displ-m>0.0</displ-m>
      <stopw-m>0.0</stopw-m>
    </threshold>
  </runway>
</PropertyList>
