<?xml version='1.0' encoding='ISO-8859-1'?>
<PropertyList>
  <runway>
    <threshold>
      <lon>140.06898744</lon>
      <lat>-35.87291301</lat>
      <rwy>05</rwy>
      <hdg-deg>51.04</hdg-deg>
      <displ-m>0.0</displ-m>
      <stopw-m>0.0</stopw-m>
    </threshold>
    <threshold>
      <lon>140.07993429</lon>
      <lat>-35.86573909</lat>
      <rwy>23</rwy>
      <hdg-deg>231.03</hdg-deg>
      <displ-m>0.0</displ-m>
      <stopw-m>0.0</stopw-m>
    </threshold>
  </runway>
  <runway>
    <threshold>
      <lon>140.07476603</lon>
      <lat>-35.86748616</lat>
      <rwy>13</rwy>
      <hdg-deg>133.01</hdg-deg>
      <displ-m>0.0</displ-m>
      <stopw-m>0.0</stopw-m>
    </threshold>
    <threshold>
      <lon>140.08277122</lon>
      <lat>-35.87353746</lat>
      <rwy>31</rwy>
      <hdg-deg>313.01</hdg-deg>
      <displ-m>0.0</displ-m>
      <stopw-m>0.0</stopw-m>
    </threshold>
  </runway>
</PropertyList>
