<?xml version='1.0' encoding='ISO-8859-1'?>
<PropertyList>
  <runway>
    <threshold>
      <lon>135.48030795</lon>
      <lat>-32.414011</lat>
      <rwy>05</rwy>
      <hdg-deg>51.00</hdg-deg>
      <displ-m>0.0</displ-m>
      <stopw-m>0.0</stopw-m>
    </threshold>
    <threshold>
      <lon>135.49154083</lon>
      <lat>-32.40633119</lat>
      <rwy>23</rwy>
      <hdg-deg>231.00</hdg-deg>
      <displ-m>0.0</displ-m>
      <stopw-m>0.0</stopw-m>
    </threshold>
  </runway>
  <runway>
    <threshold>
      <lon>135.48284742</lon>
      <lat>-32.4098003</lat>
      <rwy>11</rwy>
      <hdg-deg>115.50</hdg-deg>
      <displ-m>0.0</displ-m>
      <stopw-m>0.0</stopw-m>
    </threshold>
    <threshold>
      <lon>135.49284353</lon>
      <lat>-32.41382535</lat>
      <rwy>29</rwy>
      <hdg-deg>295.50</hdg-deg>
      <displ-m>0.0</displ-m>
      <stopw-m>0.0</stopw-m>
    </threshold>
  </runway>
  <runway>
    <threshold>
      <lon>135.48512155</lon>
      <lat>-32.40827717</lat>
      <rwy>17</rwy>
      <hdg-deg>173.74</hdg-deg>
      <displ-m>0.0</displ-m>
      <stopw-m>0.0</stopw-m>
    </threshold>
    <threshold>
      <lon>135.48606136</lon>
      <lat>-32.41550494</lat>
      <rwy>35</rwy>
      <hdg-deg>353.74</hdg-deg>
      <displ-m>0.0</displ-m>
      <stopw-m>0.0</stopw-m>
    </threshold>
  </runway>
</PropertyList>
