<?xml version='1.0' encoding='ISO-8859-1'?>
<PropertyList>
  <runway>
    <threshold>
      <lon>128.27198613</lon>
      <lat>-25.98121406</lat>
      <rwy>10</rwy>
      <hdg-deg>104.98</hdg-deg>
      <displ-m>0.0</displ-m>
      <stopw-m>0.0</stopw-m>
    </threshold>
    <threshold>
      <lon>128.28936784</lon>
      <lat>-25.98539487</lat>
      <rwy>28</rwy>
      <hdg-deg>284.98</hdg-deg>
      <displ-m>0.0</displ-m>
      <stopw-m>0.0</stopw-m>
    </threshold>
  </runway>
</PropertyList>
