<?xml version='1.0' encoding='ISO-8859-1'?>
<PropertyList>
  <runway>
    <threshold>
      <lon>113.73549851</lon>
      <lat>-28.4338517</lat>
      <rwy>17</rwy>
      <hdg-deg>178.72</hdg-deg>
      <displ-m>0.0</displ-m>
      <stopw-m>0.0</stopw-m>
    </threshold>
    <threshold>
      <lon>113.73564394</lon>
      <lat>-28.43957504</lat>
      <rwy>35</rwy>
      <hdg-deg>358.72</hdg-deg>
      <displ-m>0.0</displ-m>
      <stopw-m>0.0</stopw-m>
    </threshold>
  </runway>
</PropertyList>
