<?xml version='1.0' encoding='ISO-8859-1'?>
<PropertyList>
  <runway>
    <threshold>
      <lon>-151.1816983</lon>
      <lat>65.10000399</lat>
      <rwy>02</rwy>
      <hdg-deg>46.00</hdg-deg>
      <displ-m>0.0</displ-m>
      <stopw-m>0.0</stopw-m>
    </threshold>
    <threshold>
      <lon>-151.17326226</lon>
      <lat>65.10343377</lat>
      <rwy>20</rwy>
      <hdg-deg>226.00</hdg-deg>
      <displ-m>0.0</displ-m>
      <stopw-m>0.0</stopw-m>
    </threshold>
  </runway>
</PropertyList>
