<?xml version='1.0' encoding='ISO-8859-1'?>
<PropertyList>
  <runway>
    <threshold>
      <lon>-147.32591647</lon>
      <lat>61.89856496</lat>
      <rwy>03</rwy>
      <hdg-deg>56.00</hdg-deg>
      <displ-m>0.0</displ-m>
      <stopw-m>0.0</stopw-m>
    </threshold>
    <threshold>
      <lon>-147.32012299</lon>
      <lat>61.90040558</lat>
      <rwy>21</rwy>
      <hdg-deg>236.00</hdg-deg>
      <displ-m>0.0</displ-m>
      <stopw-m>0.0</stopw-m>
    </threshold>
  </runway>
</PropertyList>
