<?xml version='1.0' encoding='ISO-8859-1'?>
<PropertyList>
  <runway>
    <threshold>
      <lon>-149.62210254</lon>
      <lat>61.49726647</lat>
      <rwy>01</rwy>
      <hdg-deg>35.00</hdg-deg>
      <displ-m>0.0</displ-m>
      <stopw-m>0.0</stopw-m>
    </threshold>
    <threshold>
      <lon>-149.61567302</lon>
      <lat>61.50164797</lat>
      <rwy>19</rwy>
      <hdg-deg>215.00</hdg-deg>
      <displ-m>0.0</displ-m>
      <stopw-m>0.0</stopw-m>
    </threshold>
  </runway>
</PropertyList>
