<?xml version='1.0' encoding='ISO-8859-1'?>
<PropertyList>
  <runway>
    <threshold>
      <lon>-85.60365351</lon>
      <lat>32.24233031</lat>
      <rwy>09</rwy>
      <hdg-deg>89.00</hdg-deg>
      <displ-m>0.0</displ-m>
      <stopw-m>0.0</stopw-m>
    </threshold>
    <threshold>
      <lon>-85.59846539</lon>
      <lat>32.24240691</lat>
      <rwy>27</rwy>
      <hdg-deg>269.00</hdg-deg>
      <displ-m>0.0</displ-m>
      <stopw-m>0.0</stopw-m>
    </threshold>
  </runway>
</PropertyList>
