<?xml version='1.0' encoding='ISO-8859-1'?>
<PropertyList>
  <runway>
    <threshold>
      <lon>-85.56585171</lon>
      <lat>34.10839533</lat>
      <rwy>18</rwy>
      <hdg-deg>179.00</hdg-deg>
      <displ-m>0.0</displ-m>
      <stopw-m>0.0</stopw-m>
    </threshold>
    <threshold>
      <lon>-85.56573607</lon>
      <lat>34.10291021</lat>
      <rwy>36</rwy>
      <hdg-deg>359.00</hdg-deg>
      <displ-m>0.0</displ-m>
      <stopw-m>0.0</stopw-m>
    </threshold>
  </runway>
</PropertyList>
