<?xml version='1.0' encoding='ISO-8859-1'?>
<PropertyList>
  <runway>
    <threshold>
      <lon>-86.63474335</lon>
      <lat>34.13248583</lat>
      <rwy>16</rwy>
      <hdg-deg>160.00</hdg-deg>
      <displ-m>0.0</displ-m>
      <stopw-m>0.0</stopw-m>
    </threshold>
    <threshold>
      <lon>-86.63190999</lon>
      <lat>34.12604193</lat>
      <rwy>34</rwy>
      <hdg-deg>340.00</hdg-deg>
      <displ-m>0.0</displ-m>
      <stopw-m>0.0</stopw-m>
    </threshold>
  </runway>
</PropertyList>
