<?xml version='1.0' encoding='ISO-8859-1'?>
<PropertyList>
  <runway>
    <threshold>
      <lon>-152.65685265</lon>
      <lat>66.56520644</lat>
      <rwy>17</rwy>
      <hdg-deg>196.00</hdg-deg>
      <displ-m>0.0</displ-m>
      <stopw-m>0.0</stopw-m>
    </threshold>
    <threshold>
      <lon>-152.66445535</lon>
      <lat>66.55465956</lat>
      <rwy>35</rwy>
      <hdg-deg>16.00</hdg-deg>
      <displ-m>0.0</displ-m>
      <stopw-m>0.0</stopw-m>
    </threshold>
  </runway>
</PropertyList>
