<?xml version='1.0' encoding='ISO-8859-1'?>
<PropertyList>
  <runway>
    <threshold>
      <lon>-121.51370208</lon>
      <lat>53.08860446</lat>
      <rwy>11</rwy>
      <hdg-deg>133.00</hdg-deg>
      <displ-m>0.0</displ-m>
      <stopw-m>0.0</stopw-m>
    </threshold>
    <threshold>
      <lon>-121.50468392</lon>
      <lat>53.08355354</lat>
      <rwy>29</rwy>
      <hdg-deg>313.00</hdg-deg>
      <displ-m>0.0</displ-m>
      <stopw-m>0.0</stopw-m>
    </threshold>
  </runway>
</PropertyList>
