<?xml version='1.0' encoding='ISO-8859-1'?>
<PropertyList>
  <runway>
    <threshold>
      <lon>144.968303</lon>
      <lat>-6.02755</lat>
      <rwy>03</rwy>
      <hdg-deg>35.43</hdg-deg>
      <displ-m>0.0</displ-m>
      <stopw-m>35.0</stopw-m>
    </threshold>
    <threshold>
      <lon>144.973556</lon>
      <lat>-6.020208</lat>
      <rwy>21</rwy>
      <hdg-deg>215.43</hdg-deg>
      <displ-m>0.0</displ-m>
      <stopw-m>0.0</stopw-m>
    </threshold>
  </runway>
  <runway>
    <threshold>
      <lon>144.96769381</lon>
      <lat>-6.02879204</lat>
      <rwy>04</rwy>
      <hdg-deg>37.00</hdg-deg>
      <displ-m>0.0</displ-m>
      <stopw-m>0.0</stopw-m>
    </threshold>
    <threshold>
      <lon>144.97335419</lon>
      <lat>-6.02132196</lat>
      <rwy>22</rwy>
      <hdg-deg>217.00</hdg-deg>
      <displ-m>0.0</displ-m>
      <stopw-m>0.0</stopw-m>
    </threshold>
  </runway>
</PropertyList>
