<?xml version='1.0' encoding='ISO-8859-1'?>
<PropertyList>
  <runway>
    <threshold>
      <lon>-68.13121496</lon>
      <lat>-67.57115879</lat>
      <rwy>18</rwy>
      <hdg-deg>21.60</hdg-deg>
      <displ-m>0.0</displ-m>
      <stopw-m>0.0</stopw-m>
    </threshold>
    <threshold>
      <lon>-68.12361904</lon>
      <lat>-67.56383787</lat>
      <rwy>36</rwy>
      <hdg-deg>201.60</hdg-deg>
      <displ-m>0.0</displ-m>
      <stopw-m>0.0</stopw-m>
    </threshold>
  </runway>
</PropertyList>
