<?xml version='1.0' encoding='ISO-8859-1'?>
<PropertyList>
  <runway>
    <threshold>
      <lon>163.9082537</lon>
      <lat>-74.62670173</lat>
      <rwy>02</rwy>
      <hdg-deg>20.01</hdg-deg>
      <displ-m>0.0</displ-m>
      <stopw-m>0.0</stopw-m>
    </threshold>
    <threshold>
      <lon>163.91887409</lon>
      <lat>-74.6189642</lat>
      <rwy>20</rwy>
      <hdg-deg>199.99</hdg-deg>
      <displ-m>0.0</displ-m>
      <stopw-m>0.0</stopw-m>
    </threshold>
  </runway>
</PropertyList>
