<?xml version='1.0' encoding='ISO-8859-1'?>
<PropertyList>
  <runway>
    <threshold>
      <lon>123.3523919</lon>
      <lat>-75.10868372</lat>
      <rwy>01</rwy>
      <hdg-deg>6.30</hdg-deg>
      <displ-m>0.0</displ-m>
      <stopw-m>0.0</stopw-m>
    </threshold>
    <threshold>
      <lon>123.35814863</lon>
      <lat>-75.09526604</lat>
      <rwy>19</rwy>
      <hdg-deg>186.29</hdg-deg>
      <displ-m>0.0</displ-m>
      <stopw-m>0.0</stopw-m>
    </threshold>
  </runway>
</PropertyList>
