<?xml version='1.0' encoding='ISO-8859-1'?>
<PropertyList>
  <runway>
    <threshold>
      <lon>139.82423699</lon>
      <lat>-66.70061742</lat>
      <rwy>10</rwy>
      <hdg-deg>107.03</hdg-deg>
      <displ-m>0.0</displ-m>
      <stopw-m>0.0</stopw-m>
    </threshold>
    <threshold>
      <lon>139.82644503</lon>
      <lat>-66.70088495</lat>
      <rwy>28</rwy>
      <hdg-deg>287.03</hdg-deg>
      <displ-m>0.0</displ-m>
      <stopw-m>0.0</stopw-m>
    </threshold>
  </runway>
</PropertyList>
