<?xml version='1.0' encoding='ISO-8859-1'?>
<PropertyList>
  <runway>
    <threshold>
      <lon>134.10798456</lon>
      <lat>-70.42306009</lat>
      <rwy>09</rwy>
      <hdg-deg>98.73</hdg-deg>
      <displ-m>0.0</displ-m>
      <stopw-m>0.0</stopw-m>
    </threshold>
    <threshold>
      <lon>134.18368265</lon>
      <lat>-70.42694</lat>
      <rwy>27</rwy>
      <hdg-deg>278.66</hdg-deg>
      <displ-m>0.0</displ-m>
      <stopw-m>0.0</stopw-m>
    </threshold>
  </runway>
</PropertyList>
