<?xml version='1.0' encoding='ISO-8859-1'?>
<PropertyList>
  <runway>
    <threshold>
      <lon>78.79088297</lon>
      <lat>-68.46922559</lat>
      <rwy>17</rwy>
      <hdg-deg>179.60</hdg-deg>
      <displ-m>0.0</displ-m>
      <stopw-m>0.0</stopw-m>
    </threshold>
    <threshold>
      <lon>78.79089862</lon>
      <lat>-68.47004847</lat>
      <rwy>35</rwy>
      <hdg-deg>359.60</hdg-deg>
      <displ-m>0.0</displ-m>
      <stopw-m>0.0</stopw-m>
    </threshold>
  </runway>
</PropertyList>
