<?xml version='1.0' encoding='ISO-8859-1'?>
<PropertyList>
  <runway>
    <threshold>
      <lon>-91.38573659</lon>
      <lat>33.69343278</lat>
      <rwy>09</rwy>
      <hdg-deg>93.00</hdg-deg>
      <displ-m>0.0</displ-m>
      <stopw-m>0.0</stopw-m>
    </threshold>
    <threshold>
      <lon>-91.37339065</lon>
      <lat>33.69289444</lat>
      <rwy>27</rwy>
      <hdg-deg>273.00</hdg-deg>
      <displ-m>0.0</displ-m>
      <stopw-m>0.0</stopw-m>
    </threshold>
  </runway>
</PropertyList>
