<?xml version='1.0' encoding='ISO-8859-1'?>
<PropertyList>
  <runway>
    <threshold>
      <lon>-160.27692514</lon>
      <lat>59.07202306</lat>
      <rwy>01</rwy>
      <hdg-deg>29.00</hdg-deg>
      <displ-m>0.0</displ-m>
      <stopw-m>0.0</stopw-m>
    </threshold>
    <threshold>
      <lon>-160.2691621</lon>
      <lat>59.07922026</lat>
      <rwy>19</rwy>
      <hdg-deg>209.00</hdg-deg>
      <displ-m>0.0</displ-m>
      <stopw-m>0.0</stopw-m>
    </threshold>
  </runway>
</PropertyList>
