<?xml version='1.0' encoding='ISO-8859-1'?>
<PropertyList>
  <runway>
    <threshold>
      <lon>-86.21560551</lon>
      <lat>33.83926755</lat>
      <rwy>10</rwy>
      <hdg-deg>99.00</hdg-deg>
      <displ-m>0.0</displ-m>
      <stopw-m>0.0</stopw-m>
    </threshold>
    <threshold>
      <lon>-86.20712505</lon>
      <lat>33.83815189</lat>
      <rwy>28</rwy>
      <hdg-deg>279.00</hdg-deg>
      <displ-m>0.0</displ-m>
      <stopw-m>0.0</stopw-m>
    </threshold>
  </runway>
</PropertyList>
