<?xml version='1.0' encoding='ISO-8859-1'?>
<PropertyList>
  <runway>
    <threshold>
      <lon>-87.85994181</lon>
      <lat>30.61685861</lat>
      <rwy>09</rwy>
      <hdg-deg>90.00</hdg-deg>
      <displ-m>0.0</displ-m>
      <stopw-m>0.0</stopw-m>
    </threshold>
    <threshold>
      <lon>-87.85670987</lon>
      <lat>30.61685861</lat>
      <rwy>27</rwy>
      <hdg-deg>270.00</hdg-deg>
      <displ-m>0.0</displ-m>
      <stopw-m>0.0</stopw-m>
    </threshold>
  </runway>
</PropertyList>
