<?xml version='1.0' encoding='ISO-8859-1'?>
<PropertyList>
  <runway>
    <threshold>
      <lon>-87.49576336</lon>
      <lat>30.95827548</lat>
      <rwy>18</rwy>
      <hdg-deg>181.00</hdg-deg>
      <displ-m>0.0</displ-m>
      <stopw-m>0.0</stopw-m>
    </threshold>
    <threshold>
      <lon>-87.49586664</lon>
      <lat>30.95320174</lat>
      <rwy>36</rwy>
      <hdg-deg>1.00</hdg-deg>
      <displ-m>0.0</displ-m>
      <stopw-m>0.0</stopw-m>
    </threshold>
  </runway>
</PropertyList>
