<?xml version='1.0' encoding='ISO-8859-1'?>
<PropertyList>
  <runway>
    <threshold>
      <lon>-85.6648873</lon>
      <lat>33.84986283</lat>
      <rwy>05</rwy>
      <hdg-deg>49.00</hdg-deg>
      <displ-m>0.0</displ-m>
      <stopw-m>0.0</stopw-m>
    </threshold>
    <threshold>
      <lon>-85.66114826</lon>
      <lat>33.85256217</lat>
      <rwy>23</rwy>
      <hdg-deg>229.00</hdg-deg>
      <displ-m>0.0</displ-m>
      <stopw-m>0.0</stopw-m>
    </threshold>
  </runway>
</PropertyList>
