<?xml version='1.0' encoding='ISO-8859-1'?>
<PropertyList>
  <runway>
    <threshold>
      <lon>-124.21396487</lon>
      <lat>59.96402542</lat>
      <rwy>04</rwy>
      <hdg-deg>68.99</hdg-deg>
      <displ-m>0.0</displ-m>
      <stopw-m>0.0</stopw-m>
    </threshold>
    <threshold>
      <lon>-124.18602913</lon>
      <lat>59.96939258</lat>
      <rwy>22</rwy>
      <hdg-deg>249.01</hdg-deg>
      <displ-m>0.0</displ-m>
      <stopw-m>0.0</stopw-m>
    </threshold>
  </runway>
</PropertyList>
