<?xml version='1.0' encoding='ISO-8859-1'?>
<PropertyList>
  <runway>
    <threshold>
      <lon>160.94687097</lon>
      <lat>-9.19194651</lat>
      <rwy>06</rwy>
      <hdg-deg>68.41</hdg-deg>
      <displ-m>0.0</displ-m>
      <stopw-m>0.0</stopw-m>
    </threshold>
    <threshold>
      <lon>160.95122101</lon>
      <lat>-9.19024749</lat>
      <rwy>24</rwy>
      <hdg-deg>248.41</hdg-deg>
      <displ-m>0.0</displ-m>
      <stopw-m>0.0</stopw-m>
    </threshold>
  </runway>
</PropertyList>
