<?xml version='1.0' encoding='ISO-8859-1'?>
<PropertyList>
  <runway>
    <threshold>
      <lon>161.97567649</lon>
      <lat>-9.85819142</lat>
      <rwy>12</rwy>
      <hdg-deg>121.30</hdg-deg>
      <displ-m>0.0</displ-m>
      <stopw-m>0.0</stopw-m>
    </threshold>
    <threshold>
      <lon>161.983743</lon>
      <lat>-9.86302348</lat>
      <rwy>30</rwy>
      <hdg-deg>301.30</hdg-deg>
      <displ-m>0.0</displ-m>
      <stopw-m>0.0</stopw-m>
    </threshold>
  </runway>
</PropertyList>
