<?xml version='1.0' encoding='ISO-8859-1'?>
<PropertyList>
  <runway>
    <threshold>
      <lon>161.0087531</lon>
      <lat>-8.87023312</lat>
      <rwy>06</rwy>
      <hdg-deg>139.88</hdg-deg>
      <displ-m>0.0</displ-m>
      <stopw-m>0.0</stopw-m>
    </threshold>
    <threshold>
      <lon>161.01372273</lon>
      <lat>-8.87605989</lat>
      <rwy>24</rwy>
      <hdg-deg>319.88</hdg-deg>
      <displ-m>0.0</displ-m>
      <stopw-m>0.0</stopw-m>
    </threshold>
  </runway>
</PropertyList>
