<?xml version='1.0' encoding='ISO-8859-1'?>
<PropertyList>
  <runway>
    <threshold>
      <lon>145.34484242</lon>
      <lat>-36.85333805</lat>
      <rwy>1</rwy>
      <hdg-deg>15.16</hdg-deg>
      <displ-m>0.0</displ-m>
      <stopw-m>0.0</stopw-m>
    </threshold>
    <threshold>
      <lon>145.34666707</lon>
      <lat>-36.84795038</lat>
      <rwy>19</rwy>
      <hdg-deg>195.16</hdg-deg>
      <displ-m>0.0</displ-m>
      <stopw-m>0.0</stopw-m>
    </threshold>
  </runway>
  <runway>
    <threshold>
      <lon>145.3428006</lon>
      <lat>-36.85118796</lat>
      <rwy>14</rwy>
      <hdg-deg>88.18</hdg-deg>
      <displ-m>0.0</displ-m>
      <stopw-m>0.0</stopw-m>
    </threshold>
    <threshold>
      <lon>145.34802267</lon>
      <lat>-36.85105486</lat>
      <rwy>32</rwy>
      <hdg-deg>268.17</hdg-deg>
      <displ-m>0.0</displ-m>
      <stopw-m>0.0</stopw-m>
    </threshold>
  </runway>
</PropertyList>
