<?xml version='1.0' encoding='ISO-8859-1'?>
<PropertyList>
  <runway>
    <threshold>
      <lon>140.84279169</lon>
      <lat>-34.98707222</lat>
      <rwy>18</rwy>
      <hdg-deg>88.70</hdg-deg>
      <displ-m>0.0</displ-m>
      <stopw-m>0.0</stopw-m>
    </threshold>
    <threshold>
      <lon>140.8568197</lon>
      <lat>-34.98681141</lat>
      <rwy>36</rwy>
      <hdg-deg>268.70</hdg-deg>
      <displ-m>0.0</displ-m>
      <stopw-m>0.0</stopw-m>
    </threshold>
  </runway>
</PropertyList>
