<?xml version='1.0' encoding='ISO-8859-1'?>
<PropertyList>
  <runway>
    <threshold>
      <lon>140.58519206</lon>
      <lat>-34.26073498</lat>
      <rwy>10</rwy>
      <hdg-deg>101.60</hdg-deg>
      <displ-m>0.0</displ-m>
      <stopw-m>0.0</stopw-m>
    </threshold>
    <threshold>
      <lon>140.5931439</lon>
      <lat>-34.26208402</lat>
      <rwy>28</rwy>
      <hdg-deg>281.60</hdg-deg>
      <displ-m>0.0</displ-m>
      <stopw-m>0.0</stopw-m>
    </threshold>
  </runway>
</PropertyList>
