<?xml version='1.0' encoding='ISO-8859-1'?>
<PropertyList>
  <runway>
    <threshold>
      <lon>127.51343665</lon>
      <lat>-28.36607013</lat>
      <rwy>10</rwy>
      <hdg-deg>103.70</hdg-deg>
      <displ-m>0.0</displ-m>
      <stopw-m>0.0</stopw-m>
    </threshold>
    <threshold>
      <lon>127.52858122</lon>
      <lat>-28.36931865</lat>
      <rwy>28</rwy>
      <hdg-deg>283.70</hdg-deg>
      <displ-m>0.0</displ-m>
      <stopw-m>0.0</stopw-m>
    </threshold>
  </runway>
</PropertyList>
