<?xml version='1.0' encoding='ISO-8859-1'?>
<PropertyList>
  <runway>
    <threshold>
      <lon>152.89162594</lon>
      <lat>-27.10061427</lat>
      <rwy>12</rwy>
      <hdg-deg>126.50</hdg-deg>
      <displ-m>0.0</displ-m>
      <stopw-m>0.0</stopw-m>
    </threshold>
    <threshold>
      <lon>152.89589649</lon>
      <lat>-27.10342733</lat>
      <rwy>30</rwy>
      <hdg-deg>306.50</hdg-deg>
      <displ-m>0.0</displ-m>
      <stopw-m>0.0</stopw-m>
    </threshold>
  </runway>
</PropertyList>
