<?xml version='1.0' encoding='ISO-8859-1'?>
<PropertyList>
  <runway>
    <threshold>
      <lon>115.97427382</lon>
      <lat>-30.68495258</lat>
      <rwy>02</rwy>
      <hdg-deg>28.08</hdg-deg>
      <displ-m>0.0</displ-m>
      <stopw-m>0.0</stopw-m>
    </threshold>
    <threshold>
      <lon>115.97613694</lon>
      <lat>-30.68194961</lat>
      <rwy>20</rwy>
      <hdg-deg>208.08</hdg-deg>
      <displ-m>0.0</displ-m>
      <stopw-m>0.0</stopw-m>
    </threshold>
  </runway>
  <runway>
    <threshold>
      <lon>115.97541874</lon>
      <lat>-30.68158037</lat>
      <rwy>12</rwy>
      <hdg-deg>120.30</hdg-deg>
      <displ-m>0.0</displ-m>
      <stopw-m>0.0</stopw-m>
    </threshold>
    <threshold>
      <lon>115.99237266</lon>
      <lat>-30.69010024</lat>
      <rwy>30</rwy>
      <hdg-deg>300.30</hdg-deg>
      <displ-m>0.0</displ-m>
      <stopw-m>0.0</stopw-m>
    </threshold>
  </runway>
</PropertyList>
