<?xml version='1.0' encoding='ISO-8859-1'?>
<PropertyList>
  <runway>
    <threshold>
      <lon>139.20994368</lon>
      <lat>-31.96518988</lat>
      <rwy>18</rwy>
      <hdg-deg>187.00</hdg-deg>
      <displ-m>0.0</displ-m>
      <stopw-m>0.0</stopw-m>
    </threshold>
    <threshold>
      <lon>139.20839032</lon>
      <lat>-31.97592212</lat>
      <rwy>36</rwy>
      <hdg-deg>7.00</hdg-deg>
      <displ-m>0.0</displ-m>
      <stopw-m>0.0</stopw-m>
    </threshold>
  </runway>
</PropertyList>
