<?xml version='1.0' encoding='ISO-8859-1'?>
<PropertyList>
  <runway>
    <threshold>
      <lon>-86.98625639</lon>
      <lat>33.54113596</lat>
      <rwy>01</rwy>
      <hdg-deg>10.00</hdg-deg>
      <displ-m>0.0</displ-m>
      <stopw-m>0.0</stopw-m>
    </threshold>
    <threshold>
      <lon>-86.98539917</lon>
      <lat>33.54518792</lat>
      <rwy>19</rwy>
      <hdg-deg>190.00</hdg-deg>
      <displ-m>0.0</displ-m>
      <stopw-m>0.0</stopw-m>
    </threshold>
  </runway>
</PropertyList>
