<?xml version='1.0' encoding='ISO-8859-1'?>
<PropertyList>
  <runway>
    <threshold>
      <lon>-85.63069511</lon>
      <lat>31.11679647</lat>
      <rwy>10</rwy>
      <hdg-deg>100.00</hdg-deg>
      <displ-m>0.0</displ-m>
      <stopw-m>0.0</stopw-m>
    </threshold>
    <threshold>
      <lon>-85.62028267</lon>
      <lat>31.11522463</lat>
      <rwy>28</rwy>
      <hdg-deg>280.00</hdg-deg>
      <displ-m>0.0</displ-m>
      <stopw-m>0.0</stopw-m>
    </threshold>
  </runway>
</PropertyList>
