<?xml version='1.0' encoding='ISO-8859-1'?>
<PropertyList>
  <runway>
    <threshold>
      <lon>-88.33817749</lon>
      <lat>32.90924758</lat>
      <rwy>10</rwy>
      <hdg-deg>101.00</hdg-deg>
      <displ-m>0.0</displ-m>
      <stopw-m>0.0</stopw-m>
    </threshold>
    <threshold>
      <lon>-88.32855585</lon>
      <lat>32.90767742</lat>
      <rwy>28</rwy>
      <hdg-deg>281.00</hdg-deg>
      <displ-m>0.0</displ-m>
      <stopw-m>0.0</stopw-m>
    </threshold>
  </runway>
</PropertyList>
