<?xml version='1.0' encoding='ISO-8859-1'?>
<PropertyList>
  <runway>
    <threshold>
      <lon>145.74179956</lon>
      <lat>-7.13576397</lat>
      <rwy>14</rwy>
      <hdg-deg>70.00</hdg-deg>
      <displ-m>0.0</displ-m>
      <stopw-m>0.0</stopw-m>
    </threshold>
    <threshold>
      <lon>145.74751444</lon>
      <lat>-7.13370003</lat>
      <rwy>32</rwy>
      <hdg-deg>250.00</hdg-deg>
      <displ-m>0.0</displ-m>
      <stopw-m>0.0</stopw-m>
    </threshold>
  </runway>
  <runway>
    <threshold>
      <lon>145.744983</lon>
      <lat>-7.13322802</lat>
      <rwy>18</rwy>
      <hdg-deg>180.00</hdg-deg>
      <displ-m>0.0</displ-m>
      <stopw-m>0.0</stopw-m>
    </threshold>
    <threshold>
      <lon>145.744983</lon>
      <lat>-7.13871398</lat>
      <rwy>36</rwy>
      <hdg-deg>0.00</hdg-deg>
      <displ-m>0.0</displ-m>
      <stopw-m>0.0</stopw-m>
    </threshold>
  </runway>
</PropertyList>
