<?xml version='1.0' encoding='ISO-8859-1'?>
<PropertyList>
  <runway>
    <threshold>
      <lon>-124.39972335</lon>
      <lat>49.34030626</lat>
      <rwy>11</rwy>
      <hdg-deg>126.90</hdg-deg>
      <displ-m>152.0</displ-m>
      <stopw-m>0.0</stopw-m>
    </threshold>
    <threshold>
      <lon>-124.38775265</lon>
      <lat>49.33444974</lat>
      <rwy>29</rwy>
      <hdg-deg>306.90</hdg-deg>
      <displ-m>69.0</displ-m>
      <stopw-m>0.0</stopw-m>
    </threshold>
  </runway>
</PropertyList>
